created_at,entry_id,temperature,humidity,moisture_level,,pump action ON/OFF
2018-04-05 14:28:41 UTC,2675,29,38,70,,1
2018-04-05 14:29:17 UTC,2676,29,38,70,,1
2018-04-05 14:29:52 UTC,2677,29,38,70,,1
2018-04-05 14:30:25 UTC,2678,29,38,70,,1
2018-04-05 14:31:00 UTC,2679,29,38,70,,1
2018-04-05 14:31:35 UTC,2680,29,38,70,,1
2018-04-05 14:32:10 UTC,2681,29,38,70,,1
2018-04-05 14:32:45 UTC,2682,29,38,70,,1
2018-04-05 14:33:20 UTC,2683,29,38,70,,1
2018-04-05 14:33:55 UTC,2684,29,38,70,,1
2018-04-05 14:34:31 UTC,2685,29,38,70,,1
2018-04-05 14:35:07 UTC,2686,29,38,70,,1
2018-04-05 14:35:42 UTC,2687,29,38,70,,1
2018-04-05 14:36:18 UTC,2688,29,39,70,,1
2018-04-05 14:36:52 UTC,2689,29,39,70,,1
2018-04-05 14:37:28 UTC,2690,29,39,70,,1
2018-04-05 14:38:04 UTC,2691,29,39,70,,1
2018-04-05 14:38:39 UTC,2692,29,39,70,,1
2018-04-05 14:39:15 UTC,2693,29,39,70,,1
2018-04-05 14:39:50 UTC,2694,29,39,70,,1
2018-04-05 14:40:26 UTC,2695,30,39,70,,1
2018-04-05 14:41:00 UTC,2696,30,39,70,,1
2018-04-05 14:41:36 UTC,2697,30,39,70,,1
2018-04-05 14:42:14 UTC,2698,30,39,70,,1
2018-04-05 14:42:49 UTC,2699,30,39,70,,1
2018-04-05 14:43:25 UTC,2700,30,39,70,,1
2018-04-05 14:44:01 UTC,2701,30,39,83,,0
2018-04-05 14:44:37 UTC,2702,30,39,83,,0
2018-04-05 14:45:13 UTC,2703,30,39,83,,0
2018-04-05 14:45:48 UTC,2704,30,39,83,,0
2018-04-05 14:46:23 UTC,2705,30,38,83,,0
2018-04-05 14:46:59 UTC,2706,30,39.1,83,,0
2018-04-05 14:47:34 UTC,2707,30,39.1,83,,0
2018-04-05 14:48:09 UTC,2708,30,39.1,83,,0
2018-04-05 14:48:45 UTC,2709,30,39.1,83,,0
2018-04-05 14:49:20 UTC,2710,30,39.1,83,,0
2018-04-05 14:49:55 UTC,2711,30,39.1,83,,0
2018-04-05 14:51:04 UTC,2712,30,"40.00

",83,,0
2018-04-05 14:51:30 UTC,2713,30,"40.00

",83,,0
2018-04-05 14:51:56 UTC,2714,30,"40.00

",83,,0
2018-04-05 14:52:22 UTC,2715,31,"41.00

",83,,0
2018-04-05 15:34:56 UTC,2716,31,"45.00

",83,,0
2018-04-05 15:35:23 UTC,2717,31,"42.00

",83,,0
2018-04-05 15:35:51 UTC,2718,31,"42.00

",83,,0
2018-04-05 15:36:17 UTC,2719,31,"42.00

",83,,0
2018-04-05 15:36:47 UTC,2720,31,"42.00

",83,,0
2018-04-05 15:37:14 UTC,2721,31,"41.00

",83,,0
2018-04-05 15:37:41 UTC,2722,31,"41.00

",83,,0
2018-04-05 15:38:09 UTC,2723,31,"41.00

",83,,0
2018-04-05 15:38:25 UTC,2724,31,"41.00

",62,,1
2018-04-05 15:38:53 UTC,2725,31,"41.00

",62,,1
2018-04-05 15:39:19 UTC,2726,31,"41.00

",62,,1
2018-04-05 15:39:45 UTC,2727,31,"41.00

",62,,1
2018-04-05 15:40:13 UTC,2728,31,"41.00

",62,,1
2018-04-05 15:40:37 UTC,2729,31,"41.00

",62,,1
2018-04-05 15:41:04 UTC,2730,31,"41.00

",62,,1
2018-04-05 15:41:30 UTC,2731,31,"41.00

",62,,1
2018-04-05 15:41:56 UTC,2732,31,"41.00

",62,,1
2018-04-05 15:42:22 UTC,2733,31,"41.00

",62,,1
2018-04-05 15:42:48 UTC,2734,31,"41.00

",62,,1
2018-04-05 15:43:14 UTC,2735,31,"41.00

",62,,1
2018-04-05 15:43:40 UTC,2736,31,"41.00

",62,,1
2018-04-05 15:44:07 UTC,2737,31,"41.00

",62,,1
2018-04-05 15:44:33 UTC,2738,31,"42.00

",62,,1
2018-04-05 15:44:58 UTC,2739,31,"42.00

",62,,1
2018-04-05 15:45:13 UTC,2740,31,"42.00

",62,,1
2018-04-05 15:45:35 UTC,2741,31,"41.00

",62,,1
2018-04-05 15:46:00 UTC,2742,31,"41.00

",62,,1
2018-04-05 15:46:25 UTC,2743,32,"41.00

",62,,1
2018-04-05 15:46:51 UTC,2744,32,"41.00

",62,,1
2018-04-05 15:47:17 UTC,2745,32,"41.00

",62,,1
2018-04-05 15:47:43 UTC,2746,32,"40.00

",62,,1
2018-04-05 15:48:09 UTC,2747,31,"40.00

",62,,1
2018-04-05 15:48:38 UTC,2748,31,"41.00

",62,,1
2018-04-05 15:49:04 UTC,2749,31,"41.00

",62,,1
2018-04-05 15:49:30 UTC,2750,31,"41.00

",62,,1
2018-04-05 15:49:56 UTC,2751,31,"41.00

",62,,1
2018-04-05 15:50:22 UTC,2752,31,"41.00

",62,,1
2018-04-05 15:50:50 UTC,2753,31,"41.00

",62,,1
2018-04-05 15:51:17 UTC,2754,31,"41.00

",62,,1
2018-04-05 15:51:43 UTC,2755,31,"41.00

",62,,1
2018-04-05 15:52:10 UTC,2756,31,"41.00

",62,,1
2018-04-05 15:52:36 UTC,2757,31,"41.00

",62,,1
2018-04-05 15:53:01 UTC,2758,31,"41.00

",62,,1
2018-04-05 15:53:29 UTC,2759,31,"41.00

",62,,1
2018-04-05 15:53:52 UTC,2760,31,"41.00

",62,,1
2018-04-05 15:54:19 UTC,2761,31,"41.00

",62,,1
2018-04-05 15:54:47 UTC,2762,31,"41.00

",62,,1
2018-04-05 15:55:15 UTC,2763,31,"41.00

",62,,1
2018-04-05 15:55:40 UTC,2764,31,"41.00

",62,,1
2018-04-05 15:56:06 UTC,2765,31,"41.00

",62,,1
2018-04-05 15:56:32 UTC,2766,31,"41.00

",62,,1
2018-04-05 15:56:59 UTC,2767,31,"43.00

",62,,1
2018-04-05 15:57:27 UTC,2768,31,"42.00

",62,,1
2018-04-05 15:57:54 UTC,2769,31,"42.00

",62,,1
2018-04-05 15:58:20 UTC,2770,31,"41.00

",62,,1
2018-04-05 15:58:46 UTC,2771,31,"41.00

",62,,1
2018-04-05 15:59:13 UTC,2772,31,"42.00

",62,,1
2018-04-05 15:59:38 UTC,2773,31,"41.00

",62,,1
2018-04-05 16:00:04 UTC,2774,31,"41.00

",62,,1
2018-04-05 16:00:04 UTC,2775,32,40,62,,1
2018-04-05 16:00:04 UTC,2776,32,40,62,,1
2018-04-05 16:00:04 UTC,2777,32,40,62,,1
2018-04-05 16:00:04 UTC,2778,32,40,62,,1
2018-04-05 16:00:04 UTC,2779,32,40,62,,1
2018-04-05 16:00:04 UTC,2780,32,40,62,,1
2018-04-05 16:00:04 UTC,2781,32,40,62,,1
2018-04-05 16:00:04 UTC,2782,32,40,62,,1
2018-04-05 16:00:04 UTC,2783,32,40,62,,1
2018-04-05 16:00:04 UTC,2784,32,40,62,,1
2018-04-05 16:00:04 UTC,2785,32,40,62,,1
2018-04-05 16:00:04 UTC,2786,32,40,62,,1
2018-04-05 16:00:04 UTC,2787,32,40,62,,1
2018-04-05 16:00:04 UTC,2788,32,40,62,,1
2018-04-05 16:00:04 UTC,2789,32,40,62,,1
2018-04-05 16:00:04 UTC,2790,32,40,62,,1
2018-04-05 16:00:04 UTC,2791,32,40,62,,1
2018-04-05 16:00:04 UTC,2792,32,40,62,,1
2018-04-05 16:00:04 UTC,2793,32,40,62,,1
2018-04-05 16:00:04 UTC,2794,32,40,62,,1
2018-04-05 16:00:04 UTC,2795,32,40,62,,1
2018-04-05 16:00:04 UTC,2796,32,40,62,,1
2018-04-05 16:00:04 UTC,2797,32,40,62,,1
2018-04-05 16:00:04 UTC,2798,32,40,62,,1
2018-04-05 16:00:04 UTC,2799,32,40,62,,1
2018-04-05 16:00:04 UTC,2800,32,40,62,,1
2018-04-05 16:00:04 UTC,2801,32,40,62,,1
2018-04-05 16:00:04 UTC,2802,32,40,62,,1
2018-04-05 16:00:04 UTC,2803,32,40,62,,1
2018-04-05 16:00:04 UTC,2804,32,40,62,,1
2018-04-05 16:00:04 UTC,2805,32,40,62,,1
2018-04-05 16:00:04 UTC,2806,32,40,62,,1
2018-04-05 16:00:04 UTC,2807,32,40,62,,1
2018-04-05 16:00:04 UTC,2808,32,40,62,,1
2018-04-05 16:00:04 UTC,2809,32,40,62,,1
2018-04-05 16:00:04 UTC,2810,32,40,62,,1
2018-04-05 16:00:04 UTC,2811,32,40,62,,1
2018-04-05 16:00:04 UTC,2812,32,40,62,,1
2018-04-05 16:00:04 UTC,2813,32,40,62,,1
2018-04-05 16:00:04 UTC,2814,32,40,62,,1
2018-04-05 16:00:04 UTC,2815,32,40,62,,1
2018-04-05 16:00:04 UTC,2816,32,40,62,,1
2018-04-05 16:00:04 UTC,2817,32,40,62,,1
2018-04-05 16:00:04 UTC,2818,32,40,62,,1
2018-04-05 16:00:04 UTC,2819,32,40,62,,1
2018-04-05 16:00:04 UTC,2820,32,40,62,,1
2018-04-05 16:00:04 UTC,2821,32,40,62,,1
2018-04-05 16:00:04 UTC,2822,32,40,62,,1
2018-04-05 16:00:04 UTC,2823,32,40,62,,1
2018-04-05 16:00:04 UTC,2824,32,40,62,,1
2018-04-05 16:00:04 UTC,2825,32,40,62,,1
2018-04-05 16:00:04 UTC,2826,32,40,62,,1
2018-04-05 16:00:04 UTC,2827,32,40,62,,1
2018-04-05 16:00:04 UTC,2828,32,40,62,,1
2018-04-05 16:00:04 UTC,2829,32,40,62,,1
2018-04-05 16:00:04 UTC,2830,32,40,62,,1
2018-04-05 16:00:04 UTC,2831,32,40,62,,1
2018-04-05 16:00:04 UTC,2832,32,40,62,,1
2018-04-05 16:00:04 UTC,2833,32,40,78,,0
2018-04-05 16:00:04 UTC,2834,32,40,78,,0
2018-04-05 16:00:04 UTC,2835,32,40,78,,0
2018-04-05 16:00:04 UTC,2836,32,40,78,,0
2018-04-05 16:00:04 UTC,2837,32,40,78,,0
2018-04-05 16:00:04 UTC,2838,32,40,78,,0
2018-04-05 16:00:04 UTC,2839,32,40,78,,0
2018-04-05 16:00:04 UTC,2840,32,40,78,,0
2018-04-05 16:00:04 UTC,2841,32,40,78,,0
2018-04-05 16:00:04 UTC,2842,32,40,78,,0
2018-04-05 16:00:04 UTC,2843,32,40,78,,0
2018-04-05 16:00:04 UTC,2844,32,40,78,,0
2018-04-05 16:00:04 UTC,2845,32,40,78,,0
2018-04-05 16:00:04 UTC,2846,32,40,78,,0
2018-04-05 16:00:04 UTC,2847,32,40,78,,0
2018-04-05 16:00:04 UTC,2848,32,40,78,,0
2018-04-05 16:00:04 UTC,2849,32,40,78,,0
2018-04-05 16:00:04 UTC,2850,32,40,78,,0
2018-04-05 16:00:04 UTC,2851,32,40,78,,0
2018-04-05 16:00:04 UTC,2852,32,40,78,,0
2018-04-05 16:00:04 UTC,2853,32,40,78,,0
2018-04-05 16:00:04 UTC,2854,32,40,78,,0
2018-04-05 16:00:04 UTC,2855,32,40,78,,0
2018-04-05 16:00:04 UTC,2856,32,40,78,,0
2018-04-05 16:00:04 UTC,2857,32,40,78,,0
2018-04-05 16:00:04 UTC,2858,32,40,78,,0
2018-04-05 16:00:04 UTC,2859,32,40,78,,0
2018-04-05 16:00:04 UTC,2860,32,40,78,,0
2018-04-05 16:00:04 UTC,2861,32,40,78,,0
2018-04-05 16:00:04 UTC,2862,32,40,78,,0
2018-04-05 16:00:04 UTC,2863,32,40,78,,0
2018-04-05 16:00:04 UTC,2864,32,40,78,,0
2018-04-05 16:00:04 UTC,2865,32,40,78,,0
2018-04-05 16:00:04 UTC,2866,32,40,78,,0
2018-04-05 16:00:04 UTC,2867,32,40,78,,0
2018-04-05 16:00:04 UTC,2868,32,40,78,,0
2018-04-05 16:00:04 UTC,2869,32,40,78,,0
2018-04-05 16:00:04 UTC,2870,32,40,78,,0
2018-04-05 16:00:04 UTC,2871,32,40,78,,0
2018-04-05 16:00:04 UTC,2872,32,40,78,,0
2018-04-05 16:00:04 UTC,2873,32,40,78,,0
2018-04-05 16:00:04 UTC,2874,32,40,78,,0
2018-04-05 16:00:04 UTC,2875,32,40,78,,0
2018-04-05 16:00:04 UTC,2876,32,40,78,,0
2018-04-05 16:00:04 UTC,2877,32,40,78,,0
2018-04-05 16:00:04 UTC,2878,32,40,78,,0
2018-04-05 16:00:04 UTC,2879,32,40,78,,0
2018-04-05 16:00:04 UTC,2880,32,40,78,,0
2018-04-05 16:00:04 UTC,2881,32,40,78,,0
2018-04-05 16:00:04 UTC,2882,32,40,78,,0
2018-04-05 16:00:04 UTC,2883,32,40,78,,0
2018-04-05 16:00:04 UTC,2884,32,40,78,,0
2018-04-05 16:00:04 UTC,2885,32,40,78,,0
2018-04-05 16:00:04 UTC,2886,32,40,78,,0
2018-04-05 16:00:04 UTC,2887,32,40,78,,0
2018-04-05 16:00:04 UTC,2888,32,40,78,,0
2018-04-05 16:00:04 UTC,2889,32,40,78,,0
2018-04-05 16:00:04 UTC,2890,32,40,78,,0
2018-04-05 16:00:04 UTC,2891,32,40,78,,0
2018-04-05 16:00:04 UTC,2892,32,40,78,,0
2018-04-05 16:00:04 UTC,2893,32,40,78,,0
2018-04-05 16:00:04 UTC,2894,32,40,78,,0
2018-04-05 16:00:04 UTC,2895,32,40,78,,0
2018-04-05 16:00:04 UTC,2896,32,40,78,,0
2018-04-05 16:00:04 UTC,2897,32,40,78,,0
2018-04-05 16:00:04 UTC,2898,32,40,78,,0
2018-04-05 16:00:04 UTC,2899,32,40,78,,0
2018-04-05 16:00:04 UTC,2900,32,40,78,,0
2018-04-05 16:00:04 UTC,2901,32,40,78,,0
2018-04-05 16:00:04 UTC,2902,32,40,78,,0
2018-04-05 16:00:04 UTC,2903,32,40,78,,0
2018-04-05 16:00:04 UTC,2904,32,40,78,,0
2018-04-05 16:00:04 UTC,2905,32,40,78,,0
2018-04-05 16:00:04 UTC,2906,32,40,78,,0
2018-04-05 16:00:04 UTC,2907,32,40,78,,0
2018-04-05 16:00:04 UTC,2908,32,40,78,,0
2018-04-05 16:00:04 UTC,2909,32,40,78,,0
2018-04-05 16:00:04 UTC,2910,32,40,78,,0
2018-04-05 16:00:04 UTC,2911,32,40,78,,0
2018-04-05 16:00:04 UTC,2912,32,40,78,,0
2018-04-05 16:00:04 UTC,2913,32,40,78,,0
2018-04-05 16:00:04 UTC,2914,32,40,78,,0
2018-04-05 16:00:04 UTC,2915,32,40,78,,0
2018-04-05 16:00:04 UTC,2916,32,40,78,,0
2018-04-05 16:00:04 UTC,2917,32,40,78,,0
2018-04-05 16:00:04 UTC,2918,32,40,78,,0
2018-04-05 16:00:04 UTC,2919,32,40,78,,0
2018-04-05 16:00:04 UTC,2920,32,40,78,,0
2018-04-05 16:00:04 UTC,2921,32,40,78,,0
2018-04-05 16:00:04 UTC,2922,32,40,78,,0
2018-04-05 16:00:04 UTC,2923,32,40,78,,0
2018-04-05 16:00:04 UTC,2924,32,40,78,,0
2018-04-05 16:00:04 UTC,2925,32,40,78,,0
2018-04-05 16:00:04 UTC,2926,32,40,78,,0
2018-04-05 16:00:04 UTC,2927,32,40,78,,0
2018-04-05 16:00:04 UTC,2928,32,40,78,,0
2018-04-05 16:00:04 UTC,2929,32,40,78,,0
2018-04-05 16:00:04 UTC,2930,32,40,78,,0
2018-04-05 16:00:04 UTC,2931,32,40,78,,0
2018-04-05 16:00:04 UTC,2932,32,40,78,,0
2018-04-05 16:00:04 UTC,2933,32,40,78,,0
2018-04-05 16:00:04 UTC,2934,32,40,78,,0
2018-04-05 16:00:04 UTC,2935,32,40,78,,0
2018-04-05 16:00:04 UTC,2936,32,40,78,,0
2018-04-05 16:00:04 UTC,2937,32,40,78,,0
2018-04-05 16:00:04 UTC,2938,32,40,78,,0
2018-04-05 16:00:04 UTC,2939,32,40,78,,0
2018-04-05 16:00:04 UTC,2940,32,40,78,,0
2018-04-05 16:00:04 UTC,2941,32,40,78,,0
2018-04-05 16:00:04 UTC,2942,32,40,78,,0
2018-04-05 16:00:04 UTC,2943,32,40,78,,0
2018-04-05 16:00:04 UTC,2944,32,40,78,,0
2018-04-05 16:00:04 UTC,2945,32,40,78,,0
2018-04-05 16:00:04 UTC,2946,32,40,78,,0
2018-04-05 16:00:04 UTC,2947,32,40,78,,0
2018-04-05 16:00:04 UTC,2948,32,40,78,,0
2018-04-05 16:00:04 UTC,2949,32,40,78,,0
2018-04-05 16:00:04 UTC,2950,32,40,78,,0
2018-04-05 16:00:04 UTC,2951,32,40,78,,0
2018-04-05 16:00:04 UTC,2952,32,40,78,,0
2018-04-05 16:00:04 UTC,2953,32,40,78,,0
2018-04-05 16:00:04 UTC,2954,32,40,78,,0
2018-04-05 16:00:04 UTC,2955,32,40,78,,0
2018-04-05 16:00:04 UTC,2956,32,40,78,,0
2018-04-05 16:00:04 UTC,2957,32,40,78,,0
2018-04-05 16:00:04 UTC,2958,32,40,78,,0
2018-04-05 16:00:04 UTC,2959,32,40,78,,0
2018-04-05 16:00:04 UTC,2960,32,40,78,,0
2018-04-05 16:00:04 UTC,2961,32,40,78,,0
2018-04-05 16:00:04 UTC,2962,32,40,78,,0
2018-04-05 16:00:04 UTC,2963,32,40,78,,0
2018-04-05 16:00:04 UTC,2964,32,40,78,,0
2018-04-05 16:00:04 UTC,2965,32,40,78,,0
2018-04-05 16:00:04 UTC,2966,32,40,78,,0
2018-04-05 16:00:04 UTC,2967,32,40,78,,0
2018-04-05 16:00:04 UTC,2968,32,40,78,,0
2018-04-05 16:00:04 UTC,2969,32,40,78,,0
2018-04-05 16:00:04 UTC,2970,32,40,78,,0
2018-04-05 16:00:04 UTC,2971,32,40,78,,0
2018-04-05 16:00:04 UTC,2972,32,40,78,,0
2018-04-05 16:00:04 UTC,2973,32,40,78,,0
2018-04-05 16:00:04 UTC,2974,32,40,78,,0
2018-04-05 16:00:04 UTC,2975,32,40,78,,0
2018-04-05 16:00:04 UTC,2976,32,40,78,,0
2018-04-05 16:00:04 UTC,2977,32,40,78,,0
2018-04-05 16:00:04 UTC,2978,32,40,78,,0
2018-04-05 16:00:04 UTC,2979,32,40,78,,0
2018-04-05 16:00:04 UTC,2980,32,40,78,,0
2018-04-05 16:00:04 UTC,2981,32,40,78,,0
2018-04-05 16:00:04 UTC,2982,32,40,78,,0
2018-04-05 16:00:04 UTC,2983,32,40,78,,0
2018-04-05 16:00:04 UTC,2984,32,40,78,,0
2018-04-05 16:00:04 UTC,2985,32,40,78,,0
2018-04-05 16:00:04 UTC,2986,32,40,78,,0
2018-04-05 16:00:04 UTC,2987,32,40,78,,0
2018-04-05 16:00:04 UTC,2988,32,40,78,,0
2018-04-05 16:00:04 UTC,2989,32,40,78,,0
2018-04-05 16:00:04 UTC,2990,32,40,78,,0
2018-04-05 16:00:04 UTC,2991,32,40,78,,0
2018-04-05 16:00:04 UTC,2992,32,40,78,,0
2018-04-05 16:00:04 UTC,2993,32,40,78,,0
2018-04-05 16:00:04 UTC,2994,32,40,78,,0
2018-04-05 16:00:04 UTC,2995,32,40,78,,0
2018-04-05 16:00:04 UTC,2996,32,40,78,,0
2018-04-05 16:00:04 UTC,2997,32,40,78,,0
2018-04-05 16:00:04 UTC,2998,32,40,78,,0
2018-04-05 16:00:04 UTC,2999,32,40,78,,0
2018-04-05 16:00:04 UTC,3000,32,40,78,,0
2018-04-05 16:00:04 UTC,3001,32,40,78,,0
2018-04-05 16:00:04 UTC,3002,32,40,78,,0
2018-04-05 16:00:04 UTC,3003,32,40,78,,0
2018-04-05 16:00:04 UTC,3004,32,40,78,,0
2018-04-05 16:00:04 UTC,3005,32,40,78,,0
2018-04-05 16:00:04 UTC,3006,32,40,78,,0
2018-04-05 16:00:04 UTC,3007,32,40,78,,0
2018-04-05 16:00:04 UTC,3008,32,40,78,,0
2018-04-05 16:00:04 UTC,3009,32,40,78,,0
2018-04-05 16:00:04 UTC,3010,32,40,78,,0
2018-04-05 16:00:04 UTC,3011,32,40,78,,0
2018-04-05 16:00:04 UTC,3012,32,40,78,,0
2018-04-05 16:00:04 UTC,3013,32,40,78,,0
2018-04-05 16:00:04 UTC,3014,32,40,78,,0
2018-04-05 16:00:04 UTC,3015,32,40,78,,0
2018-04-05 16:00:04 UTC,3016,32,40,78,,0
2018-04-05 16:00:04 UTC,3017,32,40,78,,0
2018-04-05 16:00:04 UTC,3018,32,40,78,,0
2018-04-05 16:00:04 UTC,3019,32,40,78,,0
2018-04-05 16:00:04 UTC,3020,32,40,78,,0
2018-04-05 16:00:04 UTC,3021,32,40,78,,0
2018-04-05 16:00:04 UTC,3022,32,40,78,,0
2018-04-05 16:00:04 UTC,3023,32,40,78,,0
2018-04-05 16:00:04 UTC,3024,32,40,78,,0
2018-04-05 16:00:04 UTC,3025,32,40,78,,0
2018-04-05 16:00:04 UTC,3026,32,40,78,,0
2018-04-05 16:00:04 UTC,3027,32,40,78,,0
2018-04-05 16:00:04 UTC,3028,32,40,78,,0
2018-04-05 16:00:04 UTC,3029,32,40,78,,0
2018-04-05 16:00:04 UTC,3030,32,40,78,,0
2018-04-05 16:00:04 UTC,3031,32,40,78,,0
2018-04-05 16:00:04 UTC,3032,32,40,78,,0
2018-04-05 16:00:04 UTC,3033,32,40,78,,0
2018-04-05 16:00:04 UTC,3034,32,40,78,,0
2018-04-05 16:00:04 UTC,3035,32,40,78,,0
2018-04-05 16:00:04 UTC,3036,32,40,78,,0
2018-04-05 16:00:04 UTC,3037,32,40,78,,0
2018-04-05 16:00:04 UTC,3038,32,40,78,,0
2018-04-05 16:00:04 UTC,3039,32,40,78,,0
2018-04-05 16:00:04 UTC,3040,32,40,78,,0
2018-04-05 16:00:04 UTC,3041,32,40,78,,0
2018-04-05 16:00:04 UTC,3042,32,40,78,,0
2018-04-05 16:00:04 UTC,3043,32,40,78,,0
2018-04-05 16:00:04 UTC,3044,32,40,78,,0
2018-04-05 16:00:04 UTC,3045,32,40,78,,0
2018-04-05 16:00:04 UTC,3046,32,40,62,,1
2018-04-05 16:00:04 UTC,3047,32,40,62,,1
2018-04-05 16:00:04 UTC,3048,32,40,62,,1
2018-04-05 16:00:04 UTC,3049,32,40,62,,1
2018-04-05 16:00:04 UTC,3050,32,40,62,,1
2018-04-05 16:00:04 UTC,3051,32,40,62,,1
2018-04-05 16:00:04 UTC,3052,32,40,62,,1
2018-04-05 16:00:04 UTC,3053,32,40,62,,1
2018-04-05 16:00:04 UTC,3054,32,40,62,,1
2018-04-05 16:00:04 UTC,3055,32,40,62,,1
2018-04-05 16:00:04 UTC,3056,32,40,62,,1
2018-04-05 16:00:04 UTC,3057,32,40,62,,1
2018-04-05 16:00:04 UTC,3058,32,40,62,,1
2018-04-05 16:00:04 UTC,3059,32,40,62,,1
2018-04-05 16:00:04 UTC,3060,32,40,62,,1
2018-04-05 16:00:04 UTC,3061,32,40,62,,1
2018-04-05 16:00:04 UTC,3062,32,40,62,,1
2018-04-05 16:00:04 UTC,3063,32,40,62,,1
2018-04-05 16:00:04 UTC,3064,32,40,62,,1
2018-04-05 16:00:04 UTC,3065,32,40,62,,1
2018-04-05 16:00:04 UTC,3066,32,40,62,,1
2018-04-05 16:00:04 UTC,3067,32,40,62,,1
2018-04-05 16:00:04 UTC,3068,32,40,62,,1
2018-04-05 16:00:04 UTC,3069,32,40,62,,1
2018-04-05 16:00:04 UTC,3070,32,40,62,,1
2018-04-05 16:00:04 UTC,3071,32,40,62,,1
2018-04-05 16:00:04 UTC,3072,32,40,62,,1
2018-04-05 16:00:04 UTC,3073,32,40,62,,1
2018-04-05 16:00:04 UTC,3074,32,40,62,,1
2018-04-05 16:00:04 UTC,3075,32,40,62,,1
2018-04-05 16:00:04 UTC,3076,32,40,62,,1
2018-04-05 16:00:04 UTC,3077,32,40,62,,1
2018-04-05 16:00:04 UTC,3078,32,40,62,,1
2018-04-05 16:00:04 UTC,3079,32,40,62,,1
2018-04-05 16:00:04 UTC,3080,32,40,62,,1
2018-04-05 16:00:04 UTC,3081,32,40,62,,1
2018-04-05 16:00:04 UTC,3082,32,40,62,,1
2018-04-05 16:00:04 UTC,3083,32,40,62,,1
2018-04-05 16:00:04 UTC,3084,32,40,62,,1
2018-04-05 16:00:04 UTC,3085,32,40,62,,1
2018-04-05 16:00:04 UTC,3086,32,40,62,,1
2018-04-05 16:00:04 UTC,3087,32,40,62,,1
2018-04-05 16:00:04 UTC,3088,32,40,62,,1
2018-04-05 16:00:04 UTC,3089,32,40,62,,1
2018-04-05 16:00:04 UTC,3090,32,40,62,,1
2018-04-05 16:00:04 UTC,3091,32,40,62,,1
2018-04-05 16:00:04 UTC,3092,32,40,62,,1
2018-04-05 16:00:04 UTC,3093,32,40,62,,1
2018-04-05 16:00:04 UTC,3094,32,40,62,,1
2018-04-05 16:00:04 UTC,3095,32,40,62,,1
2018-04-05 16:00:04 UTC,3096,32,40,62,,1
2018-04-05 16:00:04 UTC,3097,32,40,62,,1
2018-04-05 16:00:04 UTC,3098,32,40,62,,1
2018-04-05 16:00:04 UTC,3099,32,40,62,,1
2018-04-05 16:00:04 UTC,3100,32,40,62,,1
2018-04-05 16:00:04 UTC,3101,32,40,62,,1
2018-04-05 16:00:04 UTC,3102,32,40,62,,1
2018-04-05 16:00:04 UTC,3103,32,40,62,,1
2018-04-05 16:00:04 UTC,3104,32,40,62,,1
2018-04-05 16:00:04 UTC,3105,32,40,62,,1
2018-04-05 16:00:04 UTC,3106,32,40,62,,1
2018-04-05 16:00:04 UTC,3107,32,40,62,,1
2018-04-05 16:00:04 UTC,3108,32,40,62,,1
2018-04-05 16:00:04 UTC,3109,32,40,62,,1
2018-04-05 16:00:04 UTC,3110,32,40,62,,1
2018-04-05 16:00:04 UTC,3111,32,40,62,,1
2018-04-05 16:00:04 UTC,3112,32,40,62,,1
2018-04-05 16:00:04 UTC,3113,32,40,62,,1
2018-04-05 16:00:04 UTC,3114,32,40,62,,1
2018-04-05 16:00:04 UTC,3115,32,40,62,,1
2018-04-05 16:00:04 UTC,3116,32,40,62,,1
2018-04-05 16:00:04 UTC,3117,32,40,62,,1
2018-04-05 16:00:04 UTC,3118,32,40,62,,1
2018-04-05 16:00:04 UTC,3119,32,40,62,,1
2018-04-05 16:00:04 UTC,3120,32,40,62,,1
2018-04-05 16:00:04 UTC,3121,32,40,62,,1
2018-04-05 16:00:04 UTC,3122,32,40,62,,1
2018-04-05 16:00:04 UTC,3123,32,40,62,,1
2018-04-05 16:00:04 UTC,3124,32,40,62,,1
2018-04-05 16:00:04 UTC,3125,32,40,62,,1
2018-04-05 16:00:04 UTC,3126,32,40,62,,1
2018-04-05 16:00:04 UTC,3127,32,40,62,,1
2018-04-05 16:00:04 UTC,3128,32,40,62,,1
2018-04-05 16:00:04 UTC,3129,32,40,62,,1
2018-04-05 16:00:04 UTC,3130,32,40,62,,1
2018-04-05 16:00:04 UTC,3131,32,40,62,,1
2018-04-05 16:00:04 UTC,3132,32,40,62,,1
2018-04-05 16:00:04 UTC,3133,32,40,62,,1
2018-04-05 16:00:04 UTC,3134,32,40,62,,1
2018-04-05 16:00:04 UTC,3135,32,40,62,,1
2018-04-05 16:00:04 UTC,3136,32,40,62,,1
2018-04-05 16:00:04 UTC,3137,32,40,62,,1
2018-04-05 16:00:04 UTC,3138,32,40,62,,1
2018-04-05 16:00:04 UTC,3139,32,40,62,,1
2018-04-05 16:00:04 UTC,3140,32,40,62,,1
2018-04-05 16:00:04 UTC,3141,32,40,62,,1
2018-04-05 16:00:04 UTC,3142,32,40,62,,1
2018-04-05 16:00:04 UTC,3143,32,40,62,,1
2018-04-05 16:00:04 UTC,3144,32,40,62,,1
2018-04-05 16:00:04 UTC,3145,32,40,62,,1
2018-04-05 16:00:04 UTC,3146,32,40,62,,1
2018-04-05 16:00:04 UTC,3147,32,40,62,,1
2018-04-05 16:00:04 UTC,3148,32,40,62,,1
2018-04-05 16:00:04 UTC,3149,32,40,62,,1
2018-04-05 16:00:04 UTC,3150,32,40,62,,1
2018-04-05 16:00:04 UTC,3151,32,40,62,,1
2018-04-05 16:00:04 UTC,3152,32,40,62,,1
2018-04-05 16:00:04 UTC,3153,32,39,62,,1
2018-04-05 16:00:04 UTC,3154,32,39,62,,1
2018-04-05 16:00:04 UTC,3155,32,39,62,,1
2018-04-05 16:00:04 UTC,3156,32,39,62,,1
2018-04-05 16:00:04 UTC,3157,32,39,62,,1
2018-04-05 16:00:04 UTC,3158,32,39,62,,1
2018-04-05 16:00:04 UTC,3159,32,39,62,,1
2018-04-05 16:00:04 UTC,3160,32,39,62,,1
2018-04-05 16:00:04 UTC,3161,32,39,62,,1
2018-04-05 16:00:04 UTC,3162,32,39,62,,1
2018-04-05 16:00:04 UTC,3163,32,39,62,,1
2018-04-05 16:00:04 UTC,3164,32,39,62,,1
2018-04-05 16:00:04 UTC,3165,32,39,62,,1
2018-04-05 16:00:04 UTC,3166,32,39,62,,1
2018-04-05 16:00:04 UTC,3167,32,39,62,,1
2018-04-05 16:00:04 UTC,3168,32,39,62,,1
2018-04-05 16:00:04 UTC,3169,32,39,62,,1
2018-04-05 16:00:04 UTC,3170,32,39,62,,1
2018-04-05 16:00:04 UTC,3171,32,39,62,,1
2018-04-05 16:00:04 UTC,3172,32,39,62,,1
2018-04-05 16:00:04 UTC,3173,32,39,62,,1
2018-04-05 16:00:04 UTC,3174,32,39,62,,1
2018-04-05 16:00:04 UTC,3175,32,39,62,,1
2018-04-05 16:00:04 UTC,3176,32,39,62,,1
2018-04-05 16:00:04 UTC,3177,32,39,62,,1
2018-04-05 16:00:04 UTC,3178,32,39,62,,1
2018-04-05 16:00:04 UTC,3179,32,39,62,,1
2018-04-05 16:00:04 UTC,3180,32,39,62,,1
2018-04-05 16:00:04 UTC,3181,32,39,62,,1
2018-04-05 16:00:04 UTC,3182,32,39,62,,1
2018-04-05 16:00:04 UTC,3183,32,39,62,,1
2018-04-05 16:00:04 UTC,3184,32,39,62,,1
2018-04-05 16:00:04 UTC,3185,32,39,62,,1
2018-04-05 16:00:04 UTC,3186,32,39,62,,1
2018-04-05 16:00:04 UTC,3187,32,39,62,,1
2018-04-05 16:00:04 UTC,3188,32,39,62,,1
2018-04-05 16:00:04 UTC,3189,32,39,62,,1
2018-04-05 16:00:04 UTC,3190,32,39,62,,1
2018-04-05 16:00:04 UTC,3191,32,39,62,,1
2018-04-05 16:00:04 UTC,3192,32,39,62,,1
2018-04-05 16:00:04 UTC,3193,32,39,62,,1
2018-04-05 16:00:04 UTC,3194,32,39,62,,1
2018-04-05 16:00:04 UTC,3195,32,39,62,,1
2018-04-05 16:00:04 UTC,3196,32,39,62,,1
2018-04-05 16:00:04 UTC,3197,32,39,62,,1
2018-04-05 16:00:04 UTC,3198,32,39,62,,1
2018-04-05 16:00:04 UTC,3199,32,39,62,,1
2018-04-05 16:00:04 UTC,3200,32,39,62,,1
2018-04-05 16:00:04 UTC,3201,32,39,62,,1
2018-04-05 16:00:04 UTC,3202,32,39,62,,1
2018-04-05 16:00:04 UTC,3203,32,39,62,,1
2018-04-05 16:00:04 UTC,3204,32,39,62,,1
2018-04-05 16:00:04 UTC,3205,32,39,62,,1
2018-04-05 16:00:04 UTC,3206,32,39,62,,1
2018-04-05 16:00:04 UTC,3207,32,39,62,,1
2018-04-05 16:00:04 UTC,3208,32,39,62,,1
2018-04-05 16:00:04 UTC,3209,32,39,62,,1
2018-04-05 16:00:04 UTC,3210,32,39,62,,1
2018-04-05 16:00:04 UTC,3211,32,39,62,,1
2018-04-05 16:00:04 UTC,3212,32,39,62,,1
2018-04-05 16:00:04 UTC,3213,32,39,62,,1
2018-04-05 16:00:04 UTC,3214,32,39,62,,1
2018-04-05 16:00:04 UTC,3215,32,39,62,,1
2018-04-05 16:00:04 UTC,3216,32,39,62,,1
2018-04-05 16:00:04 UTC,3217,32,39,62,,1
2018-04-05 16:00:04 UTC,3218,32,39,62,,1
2018-04-05 16:00:04 UTC,3219,32,39,62,,1
2018-04-05 16:00:04 UTC,3220,32,39,62,,1
2018-04-05 16:00:04 UTC,3221,32,39,62,,1
2018-04-05 16:00:04 UTC,3222,32,39,62,,1
2018-04-05 16:00:04 UTC,3223,32,39,62,,1
2018-04-05 16:00:04 UTC,3224,32,39,62,,1
2018-04-05 16:00:04 UTC,3225,32,39,62,,1
2018-04-05 16:00:04 UTC,3226,32,39,62,,1
2018-04-05 16:00:04 UTC,3227,32,39,62,,1
2018-04-05 16:00:04 UTC,3228,32,39,62,,1
2018-04-05 16:00:04 UTC,3229,32,39,62,,1
2018-04-05 16:00:04 UTC,3230,32,39,62,,1
2018-04-05 16:00:04 UTC,3231,32,39,62,,1
2018-04-05 16:00:04 UTC,3232,32,39,62,,1
2018-04-05 16:00:04 UTC,3233,32,39,62,,1
2018-04-05 16:00:04 UTC,3234,32,39,62,,1
2018-04-05 16:00:04 UTC,3235,32,39,62,,1
2018-04-05 16:00:04 UTC,3236,32,39,62,,1
2018-04-05 16:00:04 UTC,3237,32,39,62,,1
2018-04-05 16:00:04 UTC,3238,32,39,62,,1
2018-04-05 16:00:04 UTC,3239,32,39,62,,1
2018-04-05 16:00:04 UTC,3240,32,39,62,,1
2018-04-05 16:00:04 UTC,3241,32,39,62,,1
2018-04-05 16:00:04 UTC,3242,32,39,62,,1
2018-04-05 16:00:04 UTC,3243,32,39,62,,1
2018-04-05 16:00:04 UTC,3244,32,39,62,,1
2018-04-05 16:00:04 UTC,3245,32,39,62,,1
2018-04-05 16:00:04 UTC,3246,32,39,62,,1
2018-04-05 16:00:04 UTC,3247,32,39,62,,1
2018-04-05 16:00:04 UTC,3248,32,39,62,,1
2018-04-05 16:00:04 UTC,3249,32,39,62,,1
2018-04-05 16:00:04 UTC,3250,32,39,62,,1
2018-04-05 16:00:04 UTC,3251,32,39,62,,1
2018-04-05 16:00:04 UTC,3252,32,39,62,,1
2018-04-05 16:00:04 UTC,3253,32,39,62,,1
2018-04-05 16:00:04 UTC,3254,32,39,62,,1
2018-04-05 16:00:04 UTC,3255,32,39,62,,1
2018-04-05 16:00:04 UTC,3256,32,39,62,,1
2018-04-05 16:00:04 UTC,3257,32,39,62,,1
2018-04-05 16:00:04 UTC,3258,32,39,62,,1
2018-04-05 16:00:04 UTC,3259,32,39,62,,1
2018-04-05 16:00:04 UTC,3260,32,39,62,,1
2018-04-05 16:00:04 UTC,3261,32,39,62,,1
2018-04-05 16:00:04 UTC,3262,32,39,62,,1
2018-04-05 16:00:04 UTC,3263,32,39,62,,1
2018-04-05 16:00:04 UTC,3264,32,39,62,,1
2018-04-05 16:00:04 UTC,3265,32,39,62,,1
2018-04-05 16:00:04 UTC,3266,32,39,62,,1
2018-04-05 16:00:04 UTC,3267,32,39,62,,1
2018-04-05 16:00:04 UTC,3268,32,39,62,,1
2018-04-05 16:00:04 UTC,3269,32,39,62,,1
2018-04-05 16:00:04 UTC,3270,32,39,62,,1
2018-04-05 16:00:04 UTC,3271,32,39,62,,1
2018-04-05 16:00:04 UTC,3272,32,39,62,,1
2018-04-05 16:00:04 UTC,3273,32,39,62,,1
2018-04-05 16:00:04 UTC,3274,32,39,62,,1
2018-04-05 16:00:04 UTC,3275,32,39,62,,1
2018-04-05 16:00:04 UTC,3276,32,39,62,,1
2018-04-05 16:00:04 UTC,3277,32,39,62,,1
2018-04-05 16:00:04 UTC,3278,32,39,62,,1
2018-04-05 16:00:04 UTC,3279,32,39,62,,1
2018-04-05 16:00:04 UTC,3280,32,39,62,,1
2018-04-05 16:00:04 UTC,3281,32,39,62,,1
2018-04-05 16:00:04 UTC,3282,32,39,62,,1
2018-04-05 16:00:04 UTC,3283,32,39,62,,1
2018-04-05 16:00:04 UTC,3284,32,39,62,,1
2018-04-05 16:00:04 UTC,3285,32,39,62,,1
2018-04-05 16:00:04 UTC,3286,32,39,62,,1
2018-04-05 16:00:04 UTC,3287,32,39,62,,1
2018-04-05 16:00:04 UTC,3288,32,39,62,,1
2018-04-05 16:00:04 UTC,3289,32,39,62,,1
2018-04-05 16:00:04 UTC,3290,32,39,62,,1
2018-04-05 16:00:04 UTC,3291,32,39,62,,1
2018-04-05 16:00:04 UTC,3292,32,39,62,,1
2018-04-05 16:00:04 UTC,3293,32,39,62,,1
2018-04-05 16:00:04 UTC,3294,32,39,62,,1
2018-04-05 16:00:04 UTC,3295,32,39,62,,1
2018-04-05 16:00:04 UTC,3296,32,39,62,,1
2018-04-05 16:00:04 UTC,3297,32,39,62,,1
2018-04-05 16:00:04 UTC,3298,32,39,62,,1
2018-04-05 16:00:04 UTC,3299,32,39,62,,1
2018-04-05 16:00:04 UTC,3300,32,39,62,,1
2018-04-05 16:00:04 UTC,3301,32,39,62,,1
2018-04-05 16:00:04 UTC,3302,32,39,62,,1
2018-04-05 16:00:04 UTC,3303,32,39,62,,1
2018-04-05 16:00:04 UTC,3304,32,39,62,,1
2018-04-05 16:00:04 UTC,3305,32,39,62,,1
2018-04-05 16:00:04 UTC,3306,32,39,62,,1
2018-04-05 16:00:04 UTC,3307,32,39,62,,1
2018-04-05 16:00:04 UTC,3308,32,39,62,,1
2018-04-05 16:00:04 UTC,3309,32,39,62,,1
2018-04-05 16:00:04 UTC,3310,32,39,62,,1
2018-04-05 16:00:04 UTC,3311,32,39,62,,1
2018-04-05 16:00:04 UTC,3312,32,39,62,,1
2018-04-05 16:00:04 UTC,3313,32,39,62,,1
2018-04-05 16:00:04 UTC,3314,32,39,62,,1
2018-04-05 16:00:04 UTC,3315,32,39,62,,1
2018-04-05 16:00:04 UTC,3316,32,39,62,,1
2018-04-05 16:00:04 UTC,3317,32,39,62,,1
2018-04-05 16:00:04 UTC,3318,32,39,62,,1
2018-04-05 16:00:04 UTC,3319,32,39,62,,1
2018-04-05 16:00:04 UTC,3320,32,39,62,,1
2018-04-05 16:00:04 UTC,3321,32,39,62,,1
2018-04-05 16:00:04 UTC,3322,32,39,62,,1
2018-04-05 16:00:04 UTC,3323,32,39,62,,1
2018-04-05 16:00:04 UTC,3324,32,39,62,,1
2018-04-05 16:00:04 UTC,3325,32,39,62,,1
2018-04-05 16:00:04 UTC,3326,32,39,62,,1
2018-04-05 16:00:04 UTC,3327,32,39,62,,1
2018-04-05 16:00:04 UTC,3328,32,39,62,,1
2018-04-05 16:00:04 UTC,3329,32,39,62,,1
2018-04-05 16:00:04 UTC,3330,32,39,62,,1
2018-04-05 16:00:04 UTC,3331,32,39,62,,1
2018-04-05 16:00:04 UTC,3332,32,39,62,,1
2018-04-05 16:00:04 UTC,3333,32,39,62,,1
2018-04-05 16:00:04 UTC,3334,32,39,62,,1
2018-04-05 16:00:04 UTC,3335,32,39,62,,1
2018-04-05 16:00:04 UTC,3336,32,39,62,,1
2018-04-05 16:00:04 UTC,3337,32,39,62,,1
2018-04-05 16:00:04 UTC,3338,32,39,62,,1
2018-04-05 16:00:04 UTC,3339,32,39,62,,1
2018-04-05 16:00:04 UTC,3340,32,39,62,,1
2018-04-05 16:00:04 UTC,3341,32,39,62,,1
2018-04-05 16:00:04 UTC,3342,32,39,62,,1
2018-04-05 16:00:04 UTC,3343,32,39,62,,1
2018-04-05 16:00:04 UTC,3344,32,39,62,,1
2018-04-05 16:00:04 UTC,3345,32,39,62,,1
2018-04-05 16:00:04 UTC,3346,32,39,62,,1
2018-04-05 16:00:04 UTC,3347,32,39,62,,1
2018-04-05 16:00:04 UTC,3348,32,39,62,,1
2018-04-05 16:00:04 UTC,3349,32,39,62,,1
2018-04-05 16:00:04 UTC,3350,32,39,62,,1
2018-04-05 16:00:04 UTC,3351,32,39,62,,1
2018-04-05 16:00:04 UTC,3352,32,39,62,,1
2018-04-05 16:00:04 UTC,3353,32,39,62,,1
2018-04-05 16:00:04 UTC,3354,32,39,62,,1
2018-04-05 16:00:04 UTC,3355,32,39,62,,1
2018-04-05 16:00:04 UTC,3356,32,39,62,,1
2018-04-05 16:00:04 UTC,3357,32,39,62,,1
2018-04-05 16:00:04 UTC,3358,32,39,62,,1
2018-04-05 16:00:04 UTC,3359,32,39,62,,1
2018-04-05 16:00:04 UTC,3360,32,39,62,,1
2018-04-05 16:00:04 UTC,3361,32,39,62,,1
2018-04-05 16:00:04 UTC,3362,32,39,62,,1
2018-04-05 16:00:04 UTC,3363,32,39,62,,1
2018-04-05 16:00:04 UTC,3364,32,39,62,,1
2018-04-05 16:00:04 UTC,3365,32,39,62,,1
2018-04-05 16:00:04 UTC,3366,32,39,62,,1
2018-04-05 16:00:04 UTC,3367,32,39,62,,1
2018-04-05 16:00:04 UTC,3368,32,39,62,,1
2018-04-05 16:00:04 UTC,3369,32,39,62,,1
2018-04-05 16:00:04 UTC,3370,32,39,62,,1
2018-04-05 16:00:04 UTC,3371,32,39,62,,1
2018-04-05 16:00:04 UTC,3372,32,39,62,,1
2018-04-05 16:00:04 UTC,3373,32,39,62,,1
2018-04-05 16:00:04 UTC,3374,32,39,62,,1
2018-04-05 16:00:04 UTC,3375,32,39,62,,1
2018-04-05 16:00:04 UTC,3376,32,39,62,,1
2018-04-05 16:00:04 UTC,3377,32,39,62,,1
2018-04-05 16:00:04 UTC,3378,32,39,62,,1
2018-04-05 16:00:04 UTC,3379,28,39,62,,1
2018-04-05 16:00:04 UTC,3380,28,39,62,,1
2018-04-05 16:00:04 UTC,3381,28,39,62,,1
2018-04-05 16:00:04 UTC,3382,28,39,62,,1
2018-04-05 16:00:04 UTC,3383,28,39,62,,1
2018-04-05 16:00:04 UTC,3384,28,39,62,,1
2018-04-05 16:00:04 UTC,3385,28,39,62,,1
2018-04-05 16:00:04 UTC,3386,28,39,62,,1
2018-04-05 16:00:04 UTC,3387,28,39,62,,1
2018-04-05 16:00:04 UTC,3388,28,39,62,,1
2018-04-05 16:00:04 UTC,3389,28,39,62,,1
2018-04-05 16:00:04 UTC,3390,28,39,62,,1
2018-04-05 16:00:04 UTC,3391,28,39,62,,1
2018-04-05 16:00:04 UTC,3392,28,39,62,,1
2018-04-05 16:00:04 UTC,3393,28,39,62,,1
2018-04-05 16:00:04 UTC,3394,28,39,62,,1
2018-04-05 16:00:04 UTC,3395,28,39,62,,1
2018-04-05 16:00:04 UTC,3396,28,39,62,,1
2018-04-05 16:00:04 UTC,3397,28,39,62,,1
2018-04-05 16:00:04 UTC,3398,28,39,62,,1
2018-04-05 16:00:04 UTC,3399,28,39,62,,1
2018-04-05 16:00:04 UTC,3400,28,39,62,,1
2018-04-05 16:00:04 UTC,3401,28,39,62,,1
2018-04-05 16:00:04 UTC,3402,28,39,62,,1
2018-04-05 16:00:04 UTC,3403,28,39,62,,1
2018-04-05 16:00:04 UTC,3404,28,39,62,,1
2018-04-05 16:00:04 UTC,3405,28,39,62,,1
2018-04-05 16:00:04 UTC,3406,28,39,62,,1
2018-04-05 16:00:04 UTC,3407,28,39,62,,1
2018-04-05 16:00:04 UTC,3408,28,39,62,,1
2018-04-05 16:00:04 UTC,3409,28,39,62,,1
2018-04-05 16:00:04 UTC,3410,28,39,62,,1
2018-04-05 16:00:04 UTC,3411,28,39,62,,1
2018-04-05 16:00:04 UTC,3412,28,39,62,,1
2018-04-05 16:00:04 UTC,3413,28,39,62,,1
2018-04-05 16:00:04 UTC,3414,28,39,62,,1
2018-04-05 16:00:04 UTC,3415,28,39,62,,1
2018-04-05 16:00:04 UTC,3416,28,39,62,,1
2018-04-05 16:00:04 UTC,3417,28,39,62,,1
2018-04-05 16:00:04 UTC,3418,28,39,62,,1
2018-04-05 16:00:04 UTC,3419,28,39,62,,1
2018-04-05 16:00:04 UTC,3420,28,39,62,,1
2018-04-05 16:00:04 UTC,3421,28,39,62,,1
2018-04-05 16:00:04 UTC,3422,28,39,62,,1
2018-04-05 16:00:04 UTC,3423,28,39,62,,1
2018-04-05 16:00:04 UTC,3424,28,39,62,,1
2018-04-05 16:00:04 UTC,3425,28,39,62,,1
2018-04-05 16:00:04 UTC,3426,28,39,62,,1
2018-04-05 16:00:04 UTC,3427,28,39,62,,1
2018-04-05 16:00:04 UTC,3428,28,39,62,,1
2018-04-05 16:00:04 UTC,3429,28,39,62,,1
2018-04-05 16:00:04 UTC,3430,28,39,62,,1
2018-04-05 16:00:04 UTC,3431,28,39,62,,1
2018-04-05 16:00:04 UTC,3432,28,39,62,,1
2018-04-05 16:00:04 UTC,3433,28,39,62,,1
2018-04-05 16:00:04 UTC,3434,28,39,62,,1
2018-04-05 16:00:04 UTC,3435,28,39,62,,1
2018-04-05 16:00:04 UTC,3436,28,39,62,,1
2018-04-05 16:00:04 UTC,3437,28,39,62,,1
2018-04-05 16:00:04 UTC,3438,28,39,62,,1
2018-04-05 16:00:04 UTC,3439,28,39,62,,1
2018-04-05 16:00:04 UTC,3440,28,39,62,,1
2018-04-05 16:00:04 UTC,3441,28,39,62,,1
2018-04-05 16:00:04 UTC,3442,28,39,62,,1
2018-04-05 16:00:04 UTC,3443,28,39,62,,1
2018-04-05 16:00:04 UTC,3444,28,39,62,,1
2018-04-05 16:00:04 UTC,3445,28,39,62,,1
2018-04-05 16:00:04 UTC,3446,28,39,62,,1
2018-04-05 16:00:04 UTC,3447,28,39,62,,1
2018-04-05 16:00:04 UTC,3448,28,39,62,,1
2018-04-05 16:00:04 UTC,3449,28,39,62,,1
2018-04-05 16:00:04 UTC,3450,28,39,62,,1
2018-04-05 16:00:04 UTC,3451,28,39,62,,1
2018-04-05 16:00:04 UTC,3452,28,39,62,,1
2018-04-05 16:00:04 UTC,3453,28,39,62,,1
2018-04-05 16:00:04 UTC,3454,28,39,62,,1
2018-04-05 16:00:04 UTC,3455,28,39,62,,1
2018-04-05 16:00:04 UTC,3456,28,39,62,,1
2018-04-05 16:00:04 UTC,3457,28,39,62,,1
2018-04-05 16:00:04 UTC,3458,28,39,62,,1
2018-04-05 16:00:04 UTC,3459,28,39,62,,1
2018-04-05 16:00:04 UTC,3460,28,39,62,,1
2018-04-05 16:00:04 UTC,3461,28,39,62,,1
2018-04-05 16:00:04 UTC,3462,28,39,62,,1
2018-04-05 16:00:04 UTC,3463,28,39,62,,1
2018-04-05 16:00:04 UTC,3464,28,39,62,,1
2018-04-05 16:00:04 UTC,3465,28,39,62,,1
2018-04-05 16:00:04 UTC,3466,28,39,62,,1
2018-04-05 16:00:04 UTC,3467,28,39,62,,1
2018-04-05 16:00:04 UTC,3468,28,39,62,,1
2018-04-05 16:00:04 UTC,3469,28,39,62,,1
2018-04-05 16:00:04 UTC,3470,28,39,62,,1
2018-04-05 16:00:04 UTC,3471,28,39,62,,1
2018-04-05 16:00:04 UTC,3472,28,39,62,,1
2018-04-05 16:00:04 UTC,3473,28,39,62,,1
2018-04-05 16:00:04 UTC,3474,28,39,62,,1
2018-04-05 16:00:04 UTC,3475,28,39,62,,1
2018-04-05 16:00:04 UTC,3476,28,39,62,,1
2018-04-05 16:00:04 UTC,3477,28,39,62,,1
2018-04-05 16:00:04 UTC,3478,28,39,62,,1
2018-04-05 16:00:04 UTC,3479,28,39,62,,1
2018-04-05 16:00:04 UTC,3480,28,39,76,,0
2018-04-05 16:00:04 UTC,3481,28,39,76,,0
2018-04-05 16:00:04 UTC,3482,28,39,76,,0
2018-04-05 16:00:04 UTC,3483,28,39,76,,0
2018-04-05 16:00:04 UTC,3484,28,39,76,,0
2018-04-05 16:00:04 UTC,3485,28,39,76,,0
2018-04-05 16:00:04 UTC,3486,28,39,76,,0
2018-04-05 16:00:04 UTC,3487,29,39,76,,0
2018-04-05 16:00:04 UTC,3488,29,39,76,,0
2018-04-05 16:00:04 UTC,3489,29,39,76,,0
2018-04-05 16:00:04 UTC,3490,29,39,76,,0
2018-04-05 16:00:04 UTC,3491,29,39,76,,0
2018-04-05 16:00:04 UTC,3492,29,39,76,,0
2018-04-05 16:00:04 UTC,3493,29,39,76,,0
2018-04-05 16:00:04 UTC,3494,29,39,76,,0
2018-04-05 16:00:04 UTC,3495,29,39,76,,0
2018-04-05 16:00:04 UTC,3496,29,39,76,,0
2018-04-05 16:00:04 UTC,3497,29,39,76,,0
2018-04-05 16:00:04 UTC,3498,29,39,76,,0
2018-04-05 16:00:04 UTC,3499,29,39,76,,0
2018-04-05 16:00:04 UTC,3500,29,39,76,,0
2018-04-05 16:00:04 UTC,3501,29,39,76,,0
2018-04-05 16:00:04 UTC,3502,29,39,76,,0
2018-04-05 16:00:04 UTC,3503,29,39,76,,0
2018-04-05 16:00:04 UTC,3504,29,39,76,,0
2018-04-05 16:00:04 UTC,3505,29,39,76,,0
2018-04-05 16:00:04 UTC,3506,29,39,76,,0
2018-04-05 16:00:04 UTC,3507,29,39,76,,0
2018-04-05 16:00:04 UTC,3508,29,39,76,,0
2018-04-05 16:00:04 UTC,3509,29,39,76,,0
2018-04-05 16:00:04 UTC,3510,29,39,76,,0
2018-04-05 16:00:04 UTC,3511,29,39,76,,0
2018-04-05 16:00:04 UTC,3512,29,39,76,,0
2018-04-05 16:00:04 UTC,3513,29,39,76,,0
2018-04-05 16:00:04 UTC,3514,29,39,76,,0
2018-04-05 16:00:04 UTC,3515,29,39,76,,0
2018-04-05 16:00:04 UTC,3516,29,39,76,,0
2018-04-05 16:00:04 UTC,3517,29,39,76,,0
2018-04-05 16:00:04 UTC,3518,29,39,76,,0
2018-04-05 16:00:04 UTC,3519,29,39,76,,0
2018-04-05 16:00:04 UTC,3520,29,39,76,,0
2018-04-05 16:00:04 UTC,3521,29,39,76,,0
2018-04-05 16:00:04 UTC,3522,29,39,76,,0
2018-04-05 16:00:04 UTC,3523,29,39,76,,0
2018-04-05 16:00:04 UTC,3524,29,39,76,,0
2018-04-05 16:00:04 UTC,3525,29,39,76,,0
2018-04-05 16:00:04 UTC,3526,29,39,76,,0
2018-04-05 16:00:04 UTC,3527,29,39,76,,0
2018-04-05 16:00:04 UTC,3528,29,39,76,,0
2018-04-05 16:00:04 UTC,3529,29,39,76,,0
2018-04-05 16:00:04 UTC,3530,29,39,76,,0
2018-04-05 16:00:04 UTC,3531,29,39,76,,0
2018-04-05 16:00:04 UTC,3532,29,39,76,,0
2018-04-05 16:00:04 UTC,3533,29,39,76,,0
2018-04-05 16:00:04 UTC,3534,29,39,76,,0
2018-04-05 16:00:04 UTC,3535,29,39,76,,0
2018-04-05 16:00:04 UTC,3536,29,39,76,,0
2018-04-05 16:00:04 UTC,3537,29,39,76,,0
2018-04-05 16:00:04 UTC,3538,29,39,76,,0
2018-04-05 16:00:04 UTC,3539,29,39,76,,0
2018-04-05 16:00:04 UTC,3540,29,39,76,,0
2018-04-05 16:00:04 UTC,3541,29,39,76,,0
2018-04-05 16:00:04 UTC,3542,29,39,76,,0
2018-04-05 16:00:04 UTC,3543,29,39,76,,0
2018-04-05 16:00:04 UTC,3544,29,39,76,,0
2018-04-05 16:00:04 UTC,3545,29,39,76,,0
2018-04-05 16:00:04 UTC,3546,29,39,76,,0
2018-04-05 16:00:04 UTC,3547,29,39,76,,0
2018-04-05 16:00:04 UTC,3548,29,39,76,,0
2018-04-05 16:00:04 UTC,3549,29,39,76,,0
2018-04-05 16:00:04 UTC,3550,29,39,76,,0
2018-04-05 16:00:04 UTC,3551,29,39,76,,0
2018-04-05 16:00:04 UTC,3552,29,39,76,,0
2018-04-05 16:00:04 UTC,3553,29,39,76,,0
2018-04-05 16:00:04 UTC,3554,29,39,76,,0
2018-04-05 16:00:04 UTC,3555,29,39,76,,0
2018-04-05 16:00:04 UTC,3556,29,39,76,,0
2018-04-05 16:00:04 UTC,3557,29,39,76,,0
2018-04-05 16:00:04 UTC,3558,29,39,76,,0
2018-04-05 16:00:04 UTC,3559,29,39,76,,0
2018-04-05 16:00:04 UTC,3560,29,39,76,,0
2018-04-05 16:00:04 UTC,3561,29,39,76,,0
2018-04-05 16:00:04 UTC,3562,29,39,76,,0
2018-04-05 16:00:04 UTC,3563,29,39,76,,0
2018-04-05 16:00:04 UTC,3564,29,39,76,,0
2018-04-05 16:00:04 UTC,3565,29,39,76,,0
2018-04-05 16:00:04 UTC,3566,29,39,76,,0
2018-04-05 16:00:04 UTC,3567,29,39,76,,0
2018-04-05 16:00:04 UTC,3568,29,39,76,,0
2018-04-05 16:00:04 UTC,3569,29,39,76,,0
2018-04-05 16:00:04 UTC,3570,29,39,76,,0
2018-04-05 16:00:04 UTC,3571,29,39,76,,0
2018-04-05 16:00:04 UTC,3572,29,39,76,,0
2018-04-05 16:00:04 UTC,3573,29,39,76,,0
2018-04-05 16:00:04 UTC,3574,29,39,76,,0
2018-04-05 16:00:04 UTC,3575,29,39,76,,0
2018-04-05 16:00:04 UTC,3576,29,39,76,,0
2018-04-05 16:00:04 UTC,3577,29,39,76,,0
2018-04-05 16:00:04 UTC,3578,29,39,76,,0
2018-04-05 16:00:04 UTC,3579,29,39,76,,0
2018-04-05 16:00:04 UTC,3580,29,39,76,,0
2018-04-05 16:00:04 UTC,3581,29,39,76,,0
2018-04-05 16:00:04 UTC,3582,29,39,76,,0
2018-04-05 16:00:04 UTC,3583,29,39,76,,0
2018-04-05 16:00:04 UTC,3584,29,39,76,,0
2018-04-05 16:00:04 UTC,3585,29,39,76,,0
2018-04-05 16:00:04 UTC,3586,29,39,76,,0
2018-04-05 16:00:04 UTC,3587,29,39,76,,0
2018-04-05 16:00:04 UTC,3588,29,39,76,,0
2018-04-05 16:00:04 UTC,3589,29,39,76,,0
2018-04-05 16:00:04 UTC,3590,29,39,76,,0
2018-04-05 16:00:04 UTC,3591,29,39,76,,0
2018-04-05 16:00:04 UTC,3592,29,39,76,,0
2018-04-05 16:00:04 UTC,3593,29,39,76,,0
2018-04-05 16:00:04 UTC,3594,29,39,76,,0
2018-04-05 16:00:04 UTC,3595,29,39,76,,0
2018-04-05 16:00:04 UTC,3596,29,39,76,,0
2018-04-05 16:00:04 UTC,3597,29,39,76,,0
2018-04-05 16:00:04 UTC,3598,29,39,76,,0
2018-04-05 16:00:04 UTC,3599,29,39,76,,0
2018-04-05 16:00:04 UTC,3600,29,39,76,,0
2018-04-05 16:00:04 UTC,3601,29,39,76,,0
2018-04-05 16:00:04 UTC,3602,29,39,76,,0
2018-04-05 16:00:04 UTC,3603,29,39,76,,0
2018-04-05 16:00:04 UTC,3604,29,39,76,,0
2018-04-05 16:00:04 UTC,3605,29,39,76,,0
2018-04-05 16:00:04 UTC,3606,29,39,76,,0
2018-04-05 16:00:04 UTC,3607,29,39,76,,0
2018-04-05 16:00:04 UTC,3608,29,39,76,,0
2018-04-05 16:00:04 UTC,3609,29,39,76,,0
2018-04-05 16:00:04 UTC,3610,29,39,76,,0
2018-04-05 16:00:04 UTC,3611,29,39,76,,0
2018-04-05 16:00:04 UTC,3612,29,39,76,,0
2018-04-05 16:00:04 UTC,3613,29,40,76,,0
2018-04-05 16:00:04 UTC,3614,29,40,76,,0
2018-04-05 16:00:04 UTC,3615,29,40,76,,0
2018-04-05 16:00:04 UTC,3616,29,40,76,,0
2018-04-05 16:00:04 UTC,3617,29,40,76,,0
2018-04-05 16:00:04 UTC,3618,29,40,76,,0
2018-04-05 16:00:04 UTC,3619,29,40,76,,0
2018-04-05 16:00:04 UTC,3620,29,40,76,,0
2018-04-05 16:00:04 UTC,3621,29,40,76,,0
2018-04-05 16:00:04 UTC,3622,29,40,76,,0
2018-04-05 16:00:04 UTC,3623,29,40,76,,0
2018-04-05 16:00:04 UTC,3624,29,40,76,,0
2018-04-05 16:00:04 UTC,3625,29,40,76,,0
2018-04-05 16:00:04 UTC,3626,29,40,76,,0
2018-04-05 16:00:04 UTC,3627,29,40,76,,0
2018-04-05 16:00:04 UTC,3628,29,40,76,,0
2018-04-05 16:00:04 UTC,3629,29,40,76,,0
2018-04-05 16:00:04 UTC,3630,29,40,76,,0
2018-04-05 16:00:04 UTC,3631,29,40,76,,0
2018-04-05 16:00:04 UTC,3632,29,40,76,,0
2018-04-05 16:00:04 UTC,3633,29,40,76,,0
2018-04-05 16:00:04 UTC,3634,29,40,76,,0
2018-04-05 16:00:04 UTC,3635,29,40,76,,0
2018-04-05 16:00:04 UTC,3636,29,40,76,,0
2018-04-05 16:00:04 UTC,3637,29,40,76,,0
2018-04-05 16:00:04 UTC,3638,29,40,76,,0
2018-04-05 16:00:04 UTC,3639,29,40,76,,0
2018-04-05 16:00:04 UTC,3640,29,40,76,,0
2018-04-05 16:00:04 UTC,3641,29,40,76,,0
2018-04-05 16:00:04 UTC,3642,29,40,76,,0
2018-04-05 16:00:04 UTC,3643,29,40,76,,0
2018-04-05 16:00:04 UTC,3644,29,40,76,,0
2018-04-05 16:00:04 UTC,3645,29,40,76,,0
2018-04-05 16:00:04 UTC,3646,29,40,76,,0
2018-04-05 16:00:04 UTC,3647,29,40,76,,0
2018-04-05 16:00:04 UTC,3648,29,40,76,,0
2018-04-05 16:00:04 UTC,3649,29,40,76,,0
2018-04-05 16:00:04 UTC,3650,29,40,76,,0
2018-04-05 16:00:04 UTC,3651,29,40,76,,0
2018-04-05 16:00:04 UTC,3652,29,40,76,,0
2018-04-05 16:00:04 UTC,3653,29,40,76,,0
2018-04-05 16:00:04 UTC,3654,29,40,76,,0
2018-04-05 16:00:04 UTC,3655,29,40,76,,0
2018-04-05 16:00:04 UTC,3656,29,40,76,,0
2018-04-05 16:00:04 UTC,3657,29,40,76,,0
2018-04-05 16:00:04 UTC,3658,29,40,76,,0
2018-04-05 16:00:04 UTC,3659,29,40,76,,0
2018-04-05 16:00:04 UTC,3660,29,40,76,,0
2018-04-05 16:00:04 UTC,3661,29,40,76,,0
2018-04-05 16:00:04 UTC,3662,29,40,76,,0
2018-04-05 16:00:04 UTC,3663,29,40,76,,0
2018-04-05 16:00:04 UTC,3664,29,40,76,,0
2018-04-05 16:00:04 UTC,3665,29,40,76,,0
2018-04-05 16:00:04 UTC,3666,29,40,76,,0
2018-04-05 16:00:04 UTC,3667,29,40,76,,0
2018-04-05 16:00:04 UTC,3668,29,40,76,,0
2018-04-05 16:00:04 UTC,3669,29,40,76,,0
2018-04-05 16:00:04 UTC,3670,29,40,76,,0
2018-04-05 16:00:04 UTC,3671,29,40,76,,0
2018-04-05 16:00:04 UTC,3672,29,40,76,,0
2018-04-05 16:00:04 UTC,3673,29,40,76,,0
2018-04-05 16:00:04 UTC,3674,29,40,76,,0
2018-04-05 16:00:04 UTC,3675,29,40,76,,0
2018-04-05 16:00:04 UTC,3676,29,40,76,,0
2018-04-05 16:00:04 UTC,3677,29,40,76,,0
2018-04-05 16:00:04 UTC,3678,29,40,76,,0
2018-04-05 16:00:04 UTC,3679,29,40,76,,0
2018-04-05 16:00:04 UTC,3680,29,40,76,,0
2018-04-05 16:00:04 UTC,3681,29,40,76,,0
2018-04-05 16:00:04 UTC,3682,29,40,76,,0
2018-04-05 16:00:04 UTC,3683,29,40,76,,0
2018-04-05 16:00:04 UTC,3684,29,40,76,,0
2018-04-05 16:00:04 UTC,3685,29,40,76,,0
2018-04-05 16:00:04 UTC,3686,29,40,76,,0
2018-04-05 16:00:04 UTC,3687,29,40,76,,0
2018-04-05 16:00:04 UTC,3688,29,40,76,,0
2018-04-05 16:00:04 UTC,3689,29,40,76,,0
2018-04-05 16:00:04 UTC,3690,29,40,76,,0
2018-04-05 16:00:04 UTC,3691,29,40,76,,0
2018-04-05 16:00:04 UTC,3692,29,40,76,,0
2018-04-05 16:00:04 UTC,3693,29,40,76,,0
2018-04-05 16:00:04 UTC,3694,29,40,76,,0
2018-04-05 16:00:04 UTC,3695,29,40,76,,0
2018-04-05 16:00:04 UTC,3696,29,40,76,,0
2018-04-05 16:00:04 UTC,3697,29,40,76,,0
2018-04-05 16:00:04 UTC,3698,29,40,76,,0
2018-04-05 16:00:04 UTC,3699,29,40,76,,0
2018-04-05 16:00:04 UTC,3700,29,40,76,,0
2018-04-05 16:00:04 UTC,3701,29,40,76,,0
2018-04-05 16:00:04 UTC,3702,29,40,76,,0
2018-04-05 16:00:04 UTC,3703,29,40,76,,0
2018-04-05 16:00:04 UTC,3704,29,40,76,,0
2018-04-05 16:00:04 UTC,3705,29,40,76,,0
2018-04-05 16:00:04 UTC,3706,29,40,76,,0
2018-04-05 16:00:04 UTC,3707,29,40,76,,0
2018-04-05 16:00:04 UTC,3708,29,40,76,,0
2018-04-05 16:00:04 UTC,3709,29,40,76,,0
2018-04-05 16:00:04 UTC,3710,29,40,76,,0
2018-04-05 16:00:04 UTC,3711,29,40,76,,0
2018-04-05 16:00:04 UTC,3712,29,40,76,,0
2018-04-05 16:00:04 UTC,3713,29,40,76,,0
2018-04-05 16:00:04 UTC,3714,29,40,76,,0
2018-04-05 16:00:04 UTC,3715,29,40,76,,0
2018-04-05 16:00:04 UTC,3716,29,40,76,,0
2018-04-05 16:00:04 UTC,3717,29,40,76,,0
2018-04-05 16:00:04 UTC,3718,29,40,76,,0
2018-04-05 16:00:04 UTC,3719,29,40,76,,0
2018-04-05 16:00:04 UTC,3720,29,40,76,,0
2018-04-05 16:00:04 UTC,3721,29,40,76,,0
2018-04-05 16:00:04 UTC,3722,29,40,76,,0
2018-04-05 16:00:04 UTC,3723,29,40,76,,0
2018-04-05 16:00:04 UTC,3724,29,40,76,,0
2018-04-05 16:00:04 UTC,3725,29,40,76,,0
2018-04-05 16:00:04 UTC,3726,29,40,76,,0
2018-04-05 16:00:04 UTC,3727,29,40,76,,0
2018-04-05 16:00:04 UTC,3728,29,40,76,,0
2018-04-05 16:00:04 UTC,3729,29,40,76,,0
2018-04-05 16:00:04 UTC,3730,29,40,76,,0
2018-04-05 16:00:04 UTC,3731,29,40,76,,0
2018-04-05 16:00:04 UTC,3732,29,40,76,,0
2018-04-05 16:00:04 UTC,3733,29,40,76,,0
2018-04-05 16:00:04 UTC,3734,29,40,76,,0
2018-04-05 16:00:04 UTC,3735,29,40,76,,0
2018-04-05 16:00:04 UTC,3736,29,40,76,,0
2018-04-05 16:00:04 UTC,3737,29,40,76,,0
2018-04-05 16:00:04 UTC,3738,29,40,76,,0
2018-04-05 16:00:04 UTC,3739,29,40,76,,0
2018-04-05 16:00:04 UTC,3740,29,40,76,,0
2018-04-05 16:00:04 UTC,3741,29,40,76,,0
2018-04-05 16:00:04 UTC,3742,29,40,76,,0
2018-04-05 16:00:04 UTC,3743,29,40,76,,0
2018-04-05 16:00:04 UTC,3744,29,40,76,,0
2018-04-05 16:00:04 UTC,3745,29,40,76,,0
2018-04-05 16:00:04 UTC,3746,29,40,76,,0
2018-04-05 16:00:04 UTC,3747,29,40,76,,0
2018-04-05 16:00:04 UTC,3748,29,40,76,,0
2018-04-05 16:00:04 UTC,3749,31,40,76,,0
2018-04-05 16:00:04 UTC,3750,31,40,76,,0
2018-04-05 16:00:04 UTC,3751,31,40,76,,0
2018-04-05 16:00:04 UTC,3752,31,40,76,,0
2018-04-05 16:00:04 UTC,3753,31,40,76,,0
2018-04-05 16:00:04 UTC,3754,31,40,76,,0
2018-04-05 16:00:04 UTC,3755,31,40,76,,0
2018-04-05 16:00:04 UTC,3756,31,40,76,,0
2018-04-05 16:00:04 UTC,3757,31,40,76,,0
2018-04-05 16:00:04 UTC,3758,31,40,76,,0
2018-04-05 16:00:04 UTC,3759,31,40,76,,0
2018-04-05 16:00:04 UTC,3760,31,40,76,,0
2018-04-05 16:00:04 UTC,3761,31,40,76,,0
2018-04-05 16:00:04 UTC,3762,31,40,76,,0
2018-04-05 16:00:04 UTC,3763,31,40,76,,0
2018-04-05 16:00:04 UTC,3764,31,40,76,,0
2018-04-05 16:00:04 UTC,3765,31,40,76,,0
2018-04-05 16:00:04 UTC,3766,31,40,76,,0
2018-04-05 16:00:04 UTC,3767,31,40,76,,0
2018-04-05 16:00:04 UTC,3768,31,40,76,,0
2018-04-05 16:00:04 UTC,3769,31,40,76,,0
2018-04-05 16:00:04 UTC,3770,31,40,76,,0
2018-04-05 16:00:04 UTC,3771,31,40,76,,0
2018-04-05 16:00:04 UTC,3772,31,40,76,,0
2018-04-05 16:00:04 UTC,3773,31,40,76,,0
2018-04-05 16:00:04 UTC,3774,31,40,76,,0
2018-04-05 16:00:04 UTC,3775,31,40,76,,0
2018-04-05 16:00:04 UTC,3776,31,40,76,,0
2018-04-05 16:00:04 UTC,3777,31,40,76,,0
2018-04-05 16:00:04 UTC,3778,31,40,76,,0
2018-04-05 16:00:04 UTC,3779,31,40,76,,0
2018-04-05 16:00:04 UTC,3780,31,40,76,,0
2018-04-05 16:00:04 UTC,3781,31,40,76,,0
2018-04-05 16:00:04 UTC,3782,31,40,76,,0
2018-04-05 16:00:04 UTC,3783,31,40,76,,0
2018-04-05 16:00:04 UTC,3784,31,40,76,,0
2018-04-05 16:00:04 UTC,3785,31,40,76,,0
2018-04-05 16:00:04 UTC,3786,31,40,76,,0
2018-04-05 16:00:04 UTC,3787,31,40,76,,0
2018-04-05 16:00:04 UTC,3788,31,40,76,,0
2018-04-05 16:00:04 UTC,3789,31,40,76,,0
2018-04-05 16:00:04 UTC,3790,31,40,76,,0
2018-04-05 16:00:04 UTC,3791,31,40,76,,0
2018-04-05 16:00:04 UTC,3792,31,40,76,,0
2018-04-05 16:00:04 UTC,3793,31,40,76,,0
2018-04-05 16:00:04 UTC,3794,31,40,76,,0
2018-04-05 16:00:04 UTC,3795,31,40,76,,0
2018-04-05 16:00:04 UTC,3796,31,40,76,,0
2018-04-05 16:00:04 UTC,3797,31,40,76,,0
2018-04-05 16:00:04 UTC,3798,31,40,76,,0
2018-04-05 16:00:04 UTC,3799,31,40,76,,0
2018-04-05 16:00:04 UTC,3800,31,40,76,,0
2018-04-05 16:00:04 UTC,3801,31,40,76,,0
2018-04-05 16:00:04 UTC,3802,31,40,76,,0
2018-04-05 16:00:04 UTC,3803,31,40,76,,0
2018-04-05 16:00:04 UTC,3804,31,40,76,,0
2018-04-05 16:00:04 UTC,3805,31,40,76,,0
2018-04-05 16:00:04 UTC,3806,31,40,76,,0
2018-04-05 16:00:04 UTC,3807,31,40,76,,0
2018-04-05 16:00:04 UTC,3808,31,40,76,,0
2018-04-05 16:00:04 UTC,3809,31,40,76,,0
2018-04-05 16:00:04 UTC,3810,31,40,76,,0
2018-04-05 16:00:04 UTC,3811,31,40,76,,0
2018-04-05 16:00:04 UTC,3812,31,40,76,,0
2018-04-05 16:00:04 UTC,3813,31,40,76,,0
2018-04-05 16:00:04 UTC,3814,31,40,76,,0
2018-04-05 16:00:04 UTC,3815,31,40,76,,0
2018-04-05 16:00:04 UTC,3816,31,40,76,,0
2018-04-05 16:00:04 UTC,3817,31,40,76,,0
2018-04-05 16:00:04 UTC,3818,31,40,76,,0
2018-04-05 16:00:04 UTC,3819,31,40,76,,0
2018-04-05 16:00:04 UTC,3820,31,40,76,,0
2018-04-05 16:00:04 UTC,3821,31,40,76,,0
2018-04-05 16:00:04 UTC,3822,31,40,76,,0
2018-04-05 16:00:04 UTC,3823,31,40,76,,0
2018-04-05 16:00:04 UTC,3824,31,40,76,,0
2018-04-05 16:00:04 UTC,3825,31,40,76,,0
2018-04-05 16:00:04 UTC,3826,31,40,76,,0
2018-04-05 16:00:04 UTC,3827,31,40,76,,0
2018-04-05 16:00:04 UTC,3828,31,40,76,,0
2018-04-05 16:00:04 UTC,3829,31,40,76,,0
2018-04-05 16:00:04 UTC,3830,31,40,76,,0
2018-04-05 16:00:04 UTC,3831,31,40,76,,0
2018-04-05 16:00:04 UTC,3832,31,40,76,,0
2018-04-05 16:00:04 UTC,3833,31,40,76,,0
2018-04-05 16:00:04 UTC,3834,31,40,76,,0
2018-04-05 16:00:04 UTC,3835,31,40,76,,0
2018-04-05 16:00:04 UTC,3836,31,40,76,,0
2018-04-05 16:00:04 UTC,3837,31,40,76,,0
2018-04-05 16:00:04 UTC,3838,31,40,76,,0
2018-04-05 16:00:04 UTC,3839,31,40,76,,0
2018-04-05 16:00:04 UTC,3840,31,40,76,,0
2018-04-05 16:00:04 UTC,3841,31,40,76,,0
2018-04-05 16:00:04 UTC,3842,31,40,76,,0
2018-04-05 16:00:04 UTC,3843,31,40,76,,0
2018-04-05 16:00:04 UTC,3844,31,40,76,,0
2018-04-05 16:00:04 UTC,3845,31,40,76,,0
2018-04-05 16:00:04 UTC,3846,31,40,76,,0
2018-04-05 16:00:04 UTC,3847,31,40,76,,0
2018-04-05 16:00:04 UTC,3848,31,40,76,,0
2018-04-05 16:00:04 UTC,3849,31,40,76,,0
2018-04-05 16:00:04 UTC,3850,31,40,76,,0
2018-04-05 16:00:04 UTC,3851,31,40,76,,0
2018-04-05 16:00:04 UTC,3852,31,40,76,,0
2018-04-05 16:00:04 UTC,3853,31,40,76,,0
2018-04-05 16:00:04 UTC,3854,31,40,76,,0
2018-04-05 16:00:04 UTC,3855,31,40,76,,0
2018-04-05 16:00:04 UTC,3856,31,40,76,,0
2018-04-05 16:00:04 UTC,3857,31,40,76,,0
2018-04-05 16:00:04 UTC,3858,31,40,76,,0
2018-04-05 16:00:04 UTC,3859,31,40,76,,0
2018-04-05 16:00:04 UTC,3860,31,40,76,,0
2018-04-05 16:00:04 UTC,3861,31,40,76,,0
2018-04-05 16:00:04 UTC,3862,31,40,76,,0
2018-04-05 16:00:04 UTC,3863,31,40,76,,0
2018-04-05 16:00:04 UTC,3864,31,40,76,,0
2018-04-05 16:00:04 UTC,3865,31,40,76,,0
2018-04-05 16:00:04 UTC,3866,31,40,76,,0
2018-04-05 16:00:04 UTC,3867,31,40,76,,0
2018-04-05 16:00:04 UTC,3868,31,40,76,,0
2018-04-05 16:00:04 UTC,3869,31,40,76,,0
2018-04-05 16:00:04 UTC,3870,31,40,76,,0
2018-04-05 16:00:04 UTC,3871,31,40,76,,0
2018-04-05 16:00:04 UTC,3872,31,40,76,,0
2018-04-05 16:00:04 UTC,3873,31,40,76,,0
2018-04-05 16:00:04 UTC,3874,31,40,76,,0
2018-04-05 16:00:04 UTC,3875,31,40,76,,0
2018-04-05 16:00:04 UTC,3876,31,40,76,,0
2018-04-05 16:00:04 UTC,3877,31,40,76,,0
2018-04-05 16:00:04 UTC,3878,31,40,76,,0
2018-04-05 16:00:04 UTC,3879,31,40,76,,0
2018-04-05 16:00:04 UTC,3880,31,40,76,,0
2018-04-05 16:00:04 UTC,3881,31,40,76,,0
2018-04-05 16:00:04 UTC,3882,31,40,76,,0
2018-04-05 16:00:04 UTC,3883,31,40,76,,0
2018-04-05 16:00:04 UTC,3884,31,40,76,,0
2018-04-05 16:00:04 UTC,3885,31,40,76,,0
2018-04-05 16:00:04 UTC,3886,31,40,76,,0
2018-04-05 16:00:04 UTC,3887,31,40,76,,0
2018-04-05 16:00:04 UTC,3888,31,40,76,,0
2018-04-05 16:00:04 UTC,3889,31,40,76,,0
2018-04-05 16:00:04 UTC,3890,31,40,76,,0
2018-04-05 16:00:04 UTC,3891,31,40,76,,0
2018-04-05 16:00:04 UTC,3892,31,40,76,,0
2018-04-05 16:00:04 UTC,3893,31,40,76,,0
2018-04-05 16:00:04 UTC,3894,31,40,76,,0
2018-04-05 16:00:04 UTC,3895,31,40,76,,0
2018-04-05 16:00:04 UTC,3896,31,40,76,,0
2018-04-05 16:00:04 UTC,3897,31,40,76,,0
2018-04-05 16:00:04 UTC,3898,31,40,76,,0
2018-04-05 16:00:04 UTC,3899,31,40,76,,0
2018-04-05 16:00:04 UTC,3900,31,40,76,,0
2018-04-05 16:00:04 UTC,3901,31,40,76,,0
2018-04-05 16:00:04 UTC,3902,31,40,76,,0
2018-04-05 16:00:04 UTC,3903,31,40,76,,0
2018-04-05 16:00:04 UTC,3904,31,40,76,,0
2018-04-05 16:00:04 UTC,3905,31,40,76,,0
2018-04-05 16:00:04 UTC,3906,31,40,76,,0
2018-04-05 16:00:04 UTC,3907,31,40,76,,0
2018-04-05 16:00:04 UTC,3908,31,40,76,,0
2018-04-05 16:00:04 UTC,3909,31,40,76,,0
2018-04-05 16:00:04 UTC,3910,31,40,76,,0
2018-04-05 16:00:04 UTC,3911,31,40,76,,0
2018-04-05 16:00:04 UTC,3912,31,40,76,,0
2018-04-05 16:00:04 UTC,3913,31,40,76,,0
2018-04-05 16:00:04 UTC,3914,31,40,76,,0
2018-04-05 16:00:04 UTC,3915,31,40,76,,0
2018-04-05 16:00:04 UTC,3916,31,40,76,,0
2018-04-05 16:00:04 UTC,3917,31,40,76,,0
2018-04-05 16:00:04 UTC,3918,31,40,76,,0
2018-04-05 16:00:04 UTC,3919,31,40,76,,0
2018-04-05 16:00:04 UTC,3920,31,40,76,,0
2018-04-05 16:00:04 UTC,3921,31,40,76,,0
2018-04-05 16:00:04 UTC,3922,31,40,76,,0
2018-04-05 16:00:04 UTC,3923,31,40,76,,0
2018-04-05 16:00:04 UTC,3924,31,40,76,,0
2018-04-05 16:00:04 UTC,3925,31,40,76,,0
2018-04-05 16:00:04 UTC,3926,31,40,76,,0
2018-04-05 16:00:04 UTC,3927,31,40,76,,0
2018-04-05 16:00:04 UTC,3928,31,40,76,,0
2018-04-05 16:00:04 UTC,3929,31,40,76,,0
2018-04-05 16:00:04 UTC,3930,31,40,76,,0
2018-04-05 16:00:04 UTC,3931,31,40,76,,0
2018-04-05 16:00:04 UTC,3932,31,40,76,,0
2018-04-05 16:00:04 UTC,3933,31,40,76,,0
2018-04-05 16:00:04 UTC,3934,31,40,76,,0
2018-04-05 16:00:04 UTC,3935,31,40,76,,0
2018-04-05 16:00:04 UTC,3936,31,40,76,,0
2018-04-05 16:00:04 UTC,3937,31,40,76,,0
2018-04-05 16:00:04 UTC,3938,31,40,76,,0
2018-04-05 16:00:04 UTC,3939,31,40,76,,0
2018-04-05 16:00:04 UTC,3940,31,40,76,,0
2018-04-05 16:00:04 UTC,3941,31,40,76,,0
2018-04-05 16:00:04 UTC,3942,31,40,76,,0
2018-04-05 16:00:04 UTC,3943,31,40,76,,0
2018-04-05 16:00:04 UTC,3944,31,40,76,,0
2018-04-05 16:00:04 UTC,3945,31,40,76,,0
2018-04-05 16:00:04 UTC,3946,31,40,76,,0
2018-04-05 16:00:04 UTC,3947,31,40,76,,0
2018-04-05 16:00:04 UTC,3948,31,40,76,,0
2018-04-05 16:00:04 UTC,3949,31,40,76,,0
2018-04-05 16:00:04 UTC,3950,31,40,76,,0
2018-04-05 16:00:04 UTC,3951,31,40,76,,0
2018-04-05 16:00:04 UTC,3952,31,40,76,,0
2018-04-05 16:00:04 UTC,3953,31,40,76,,0
2018-04-05 16:00:04 UTC,3954,31,40,76,,0
2018-04-05 16:00:04 UTC,3955,31,40,76,,0
2018-04-05 16:00:04 UTC,3956,31,40,76,,0
2018-04-05 16:00:04 UTC,3957,31,40,76,,0
2018-04-05 16:00:04 UTC,3958,31,40,76,,0
2018-04-05 16:00:04 UTC,3959,31,40,76,,0
2018-04-05 16:00:04 UTC,3960,31,40,76,,0
2018-04-05 16:00:04 UTC,3961,31,40,76,,0
2018-04-05 16:00:04 UTC,3962,31,40,76,,0
2018-04-05 16:00:04 UTC,3963,31,40,76,,0
2018-04-05 16:00:04 UTC,3964,31,40,76,,0
2018-04-05 16:00:04 UTC,3965,31,40,76,,0
2018-04-05 16:00:04 UTC,3966,31,40,76,,0
2018-04-05 16:00:04 UTC,3967,31,40,76,,0
2018-04-05 16:00:04 UTC,3968,31,40,76,,0
2018-04-05 16:00:04 UTC,3969,31,40,76,,0
2018-04-05 16:00:04 UTC,3970,31,40,76,,0
2018-04-05 16:00:04 UTC,3971,31,40,76,,0
2018-04-05 16:00:04 UTC,3972,31,40,76,,0
2018-04-05 16:00:04 UTC,3973,31,40,76,,0
2018-04-05 16:00:04 UTC,3974,31,40,76,,0
2018-04-05 16:00:04 UTC,3975,31,40,76,,0
2018-04-05 16:00:04 UTC,3976,31,40,76,,0
2018-04-05 16:00:04 UTC,3977,31,40,76,,0
2018-04-05 16:00:04 UTC,3978,31,40,76,,0
2018-04-05 16:00:04 UTC,3979,31,40,76,,0
2018-04-05 16:00:04 UTC,3980,31,40,76,,0
2018-04-05 16:00:04 UTC,3981,31,40,76,,0
2018-04-05 16:00:04 UTC,3982,31,40,76,,0
2018-04-05 16:00:04 UTC,3983,31,40,76,,0
2018-04-05 16:00:04 UTC,3984,31,40,76,,0
2018-04-05 16:00:04 UTC,3985,31,40,76,,0
2018-04-05 16:00:04 UTC,3986,31,40,76,,0
2018-04-05 16:00:04 UTC,3987,31,40,76,,0
2018-04-05 16:00:04 UTC,3988,31,40,76,,0
2018-04-05 16:00:04 UTC,3989,31,40,76,,0
2018-04-05 16:00:04 UTC,3990,31,40,76,,0
2018-04-05 16:00:04 UTC,3991,31,40,76,,0
2018-04-05 16:00:04 UTC,3992,31,40,76,,0
2018-04-05 16:00:04 UTC,3993,31,40,76,,0
2018-04-05 16:00:04 UTC,3994,31,40,76,,0
2018-04-05 16:00:04 UTC,3995,31,40,76,,0
2018-04-05 16:00:04 UTC,3996,31,40,76,,0
2018-04-05 16:00:04 UTC,3997,31,40,76,,0
2018-04-05 16:00:04 UTC,3998,31,40,76,,0
2018-04-05 16:00:04 UTC,3999,31,40,76,,0
2018-04-05 16:00:04 UTC,4000,31,40,76,,0
2018-04-05 16:00:04 UTC,4001,31,40,76,,0
2018-04-05 16:00:04 UTC,4002,31,40,76,,0
2018-04-05 16:00:04 UTC,4003,31,40,76,,0
2018-04-05 16:00:04 UTC,4004,31,40,76,,0
2018-04-05 16:00:04 UTC,4005,31,40,76,,0
2018-04-05 16:00:04 UTC,4006,31,40,76,,0
2018-04-05 16:00:04 UTC,4007,31,40,76,,0
2018-04-05 16:00:04 UTC,4008,31,40,76,,0
2018-04-05 16:00:04 UTC,4009,31,40,76,,0
2018-04-05 16:00:04 UTC,4010,31,40,76,,0
2018-04-05 16:00:04 UTC,4011,31,40,76,,0
2018-04-05 16:00:04 UTC,4012,31,40,76,,0
2018-04-05 16:00:04 UTC,4013,31,40,76,,0
2018-04-05 16:00:04 UTC,4014,31,40,76,,0
2018-04-05 16:00:04 UTC,4015,31,40,76,,0
2018-04-05 16:00:04 UTC,4016,31,40,76,,0
2018-04-05 16:00:04 UTC,4017,31,40,76,,0
2018-04-05 16:00:04 UTC,4018,31,40,76,,0
2018-04-05 16:00:04 UTC,4019,31,40,76,,0
2018-04-05 16:00:04 UTC,4020,31,40,76,,0
2018-04-05 16:00:04 UTC,4021,31,40,76,,0
2018-04-05 16:00:04 UTC,4022,31,40,76,,0
2018-04-05 16:00:04 UTC,4023,31,40,76,,0
2018-04-05 16:00:04 UTC,4024,31,40,76,,0
2018-04-05 16:00:04 UTC,4025,31,40,76,,0
2018-04-05 16:00:04 UTC,4026,31,40,76,,0
2018-04-05 16:00:04 UTC,4027,31,40,76,,0
2018-04-05 16:00:04 UTC,4028,31,40,76,,0
2018-04-05 16:00:04 UTC,4029,31,40,76,,0
2018-04-05 16:00:04 UTC,4030,31,40,76,,0
2018-04-05 16:00:04 UTC,4031,31,40,76,,0
2018-04-05 16:00:04 UTC,4032,31,40,76,,0
2018-04-05 16:00:04 UTC,4033,31,40,76,,0
2018-04-05 16:00:04 UTC,4034,31,40,76,,0
2018-04-05 16:00:04 UTC,4035,31,40,76,,0
2018-04-05 16:00:04 UTC,4036,31,40,76,,0
2018-04-05 16:00:04 UTC,4037,31,40,76,,0
2018-04-05 16:00:04 UTC,4038,31,40,76,,0
2018-04-05 16:00:04 UTC,4039,31,40,76,,0
2018-04-05 16:00:04 UTC,4040,31,40,76,,0
2018-04-05 16:00:04 UTC,4041,31,40,76,,0
2018-04-05 16:00:04 UTC,4042,31,40,76,,0
2018-04-05 16:00:04 UTC,4043,31,40,76,,0
2018-04-05 16:00:04 UTC,4044,31,40,76,,0
2018-04-05 16:00:04 UTC,4045,31,40,76,,0
2018-04-05 16:00:04 UTC,4046,31,40,76,,0
2018-04-05 16:00:04 UTC,4047,31,40,76,,0
2018-04-05 16:00:04 UTC,4048,31,40,76,,0
2018-04-05 16:00:04 UTC,4049,31,40,76,,0
2018-04-05 16:00:04 UTC,4050,31,40,76,,0
2018-04-05 16:00:04 UTC,4051,31,40,76,,0
2018-04-05 16:00:04 UTC,4052,31,40,76,,0
2018-04-05 16:00:04 UTC,4053,31,40,76,,0
2018-04-05 16:00:04 UTC,4054,31,40,76,,0
2018-04-05 16:00:04 UTC,4055,31,40,76,,0
2018-04-05 16:00:04 UTC,4056,31,40,76,,0
2018-04-05 16:00:04 UTC,4057,31,40,76,,0
2018-04-05 16:00:04 UTC,4058,31,40,76,,0
2018-04-05 16:00:04 UTC,4059,31,40,76,,0
2018-04-05 16:00:04 UTC,4060,31,40,76,,0
2018-04-05 16:00:04 UTC,4061,31,40,76,,0
2018-04-05 16:00:04 UTC,4062,31,40,76,,0
2018-04-05 16:00:04 UTC,4063,31,40,76,,0
2018-04-05 16:00:04 UTC,4064,31,40,76,,0
2018-04-05 16:00:04 UTC,4065,31,40,76,,0
2018-04-05 16:00:04 UTC,4066,31,40,76,,0
2018-04-05 16:00:04 UTC,4067,31,40,76,,0
2018-04-05 16:00:04 UTC,4068,31,40,76,,0
2018-04-05 16:00:04 UTC,4069,31,40,76,,0
2018-04-05 16:00:04 UTC,4070,31,40,76,,0
2018-04-05 16:00:04 UTC,4071,31,40,76,,0
2018-04-05 16:00:04 UTC,4072,31,40,76,,0
2018-04-05 16:00:04 UTC,4073,31,40,76,,0
2018-04-05 16:00:04 UTC,4074,31,40,76,,0
2018-04-05 16:00:04 UTC,4075,31,40,76,,0
2018-04-05 16:00:04 UTC,4076,31,40,76,,0
2018-04-05 16:00:04 UTC,4077,31,40,76,,0
2018-04-05 16:00:04 UTC,4078,31,40,76,,0
2018-04-05 16:00:04 UTC,4079,31,40,76,,0
2018-04-05 16:00:04 UTC,4080,31,40,76,,0
2018-04-05 16:00:04 UTC,4081,31,40,76,,0
2018-04-05 16:00:04 UTC,4082,31,40,76,,0
2018-04-05 16:00:04 UTC,4083,31,40,76,,0
2018-04-05 16:00:04 UTC,4084,31,40,76,,0
2018-04-05 16:00:04 UTC,4085,31,40,76,,0
2018-04-05 16:00:04 UTC,4086,31,40,76,,0
2018-04-05 16:00:04 UTC,4087,31,40,76,,0
2018-04-05 16:00:04 UTC,4088,31,40,76,,0
2018-04-05 16:00:04 UTC,4089,31,40,76,,0
2018-04-05 16:00:04 UTC,4090,31,40,76,,0
2018-04-05 16:00:04 UTC,4091,31,40,76,,0
2018-04-05 16:00:04 UTC,4092,31,40,76,,0
2018-04-05 16:00:04 UTC,4093,31,40,76,,0
2018-04-05 16:00:04 UTC,4094,31,40,76,,0
2018-04-05 16:00:04 UTC,4095,31,40,76,,0
2018-04-05 16:00:04 UTC,4096,31,40,76,,0
2018-04-05 16:00:04 UTC,4097,31,40,76,,0
2018-04-05 16:00:04 UTC,4098,31,40,76,,0
2018-04-05 16:00:04 UTC,4099,31,40,76,,0
2018-04-05 16:00:04 UTC,4100,31,40,76,,0
2018-04-05 16:00:04 UTC,4101,31,40,76,,0
2018-04-05 16:00:04 UTC,4102,31,40,76,,0
2018-04-05 16:00:04 UTC,4103,31,40,76,,0
2018-04-05 16:00:04 UTC,4104,31,40,76,,0
2018-04-05 16:00:04 UTC,4105,31,40,76,,0
2018-04-05 16:00:04 UTC,4106,31,40,76,,0
2018-04-05 16:00:04 UTC,4107,31,40,76,,0
2018-04-05 16:00:04 UTC,4108,31,40,76,,0
2018-04-05 16:00:04 UTC,4109,31,40,76,,0
2018-04-05 16:00:04 UTC,4110,31,40,76,,0
2018-04-05 16:00:04 UTC,4111,31,40,76,,0
2018-04-05 16:00:04 UTC,4112,31,40,76,,0
2018-04-05 16:00:04 UTC,4113,31,40,76,,0
2018-04-05 16:00:04 UTC,4114,31,40,76,,0
2018-04-05 16:00:04 UTC,4115,31,40,76,,0
2018-04-05 16:00:04 UTC,4116,31,40,76,,0
2018-04-05 16:00:04 UTC,4117,31,40,76,,0
2018-04-05 16:00:04 UTC,4118,31,40,76,,0
2018-04-05 16:00:04 UTC,4119,31,40,76,,0
2018-04-05 16:00:04 UTC,4120,31,40,76,,0
2018-04-05 16:00:04 UTC,4121,31,40,76,,0
2018-04-05 16:00:04 UTC,4122,31,40,76,,0
2018-04-05 16:00:04 UTC,4123,31,40,76,,0
2018-04-05 16:00:04 UTC,4124,31,40,76,,0
2018-04-05 16:00:04 UTC,4125,31,40,76,,0
2018-04-05 16:00:04 UTC,4126,31,40,76,,0
2018-04-05 16:00:04 UTC,4127,31,40,76,,0
2018-04-05 16:00:04 UTC,4128,31,40,76,,0
2018-04-05 16:00:04 UTC,4129,31,40,76,,0
2018-04-05 16:00:04 UTC,4130,31,40,76,,0
2018-04-05 16:00:04 UTC,4131,31,40,76,,0
2018-04-05 16:00:04 UTC,4132,31,40,76,,0
,,,,,,
